{"metadata":{"usedHelpers":["inherits","possibleConstructorReturn","classCallCheck","interopRequireDefault"],"marked":[],"modules":{"imports":[],"exports":{"exported":[],"specifiers":[]}}},"options":{"filename":"/packages/easysearch:components/lib/if-no-results/if-no-results.js","filenameRelative":"/packages/easysearch:components/lib/if-no-results/if-no-results.js","env":{},"retainLines":false,"highlightCode":true,"suppressDeprecationMessages":false,"presets":[],"plugins":[[[],null],[[],null],[[],null],[[],null],[[],null],[[],null],[[],null],[[],{"polyfill":false}],[[],null],[[],null],[[],null],[[],null],[[],null],[[],null],[[],null],[[],null],[[],{"loose":true}],[[],{"loose":true}],[[],null],[[],{"loose":true}],[[],null],[[],null],[[],{"allowTopLevelThis":true,"strict":false,"loose":true}],[[],null],[[],null],[[],null],[[],null],[[],null],[[],{"loose":true}],[[],null],[[],null],[[],null],[[],null],[[],null],[[],null],[[],null],[[],null]],"ignore":[],"code":true,"metadata":true,"ast":false,"comments":true,"compact":false,"minified":false,"sourceMap":true,"sourceMaps":true,"sourceMapTarget":"/packages/easysearch:components/lib/if-no-results/if-no-results.js.map","sourceFileName":"/packages/easysearch:components/lib/if-no-results/if-no-results.js","babelrc":false,"sourceType":"module","moduleIds":false,"passPerPreset":false,"basename":"if-no-results"},"ignored":false,"code":"var _classCallCheck2 = require('babel-runtime/helpers/classCallCheck');\n\nvar _classCallCheck3 = _interopRequireDefault(_classCallCheck2);\n\nvar _possibleConstructorReturn2 = require('babel-runtime/helpers/possibleConstructorReturn');\n\nvar _possibleConstructorReturn3 = _interopRequireDefault(_possibleConstructorReturn2);\n\nvar _inherits2 = require('babel-runtime/helpers/inherits');\n\nvar _inherits3 = _interopRequireDefault(_inherits2);\n\nfunction _interopRequireDefault(obj) { return obj && obj.__esModule ? obj : { 'default': obj }; }\n\n/**\n * The IfNoResultsComponent lets you display content when there are no results.\n *\n * @type {IfNoResultsComponent}\n */\nEasySearch.IfNoResultsComponent = function (_BaseComponent) {\n  (0, _inherits3['default'])(IfNoResultsComponent, _BaseComponent);\n\n  function IfNoResultsComponent() {\n    (0, _classCallCheck3['default'])(this, IfNoResultsComponent);\n    return (0, _possibleConstructorReturn3['default'])(this, _BaseComponent.apply(this, arguments));\n  }\n\n  /**\n   * Return true if there are no results.\n   *\n   * @returns {boolean}\n   */\n\n  IfNoResultsComponent.prototype.noResults = function () {\n    function noResults() {\n      return !!this.eachIndex(function (index, name) {\n        return index.getComponentMethods(name).hasNoResults();\n      }, 'every');\n    }\n\n    return noResults;\n  }();\n\n  return IfNoResultsComponent;\n}(BaseComponent);\n\nEasySearch.IfNoResultsComponent.register('EasySearch.IfNoResults');","ast":null,"map":{"version":3,"sources":["/packages/easysearch:components/lib/if-no-results/if-no-results.js"],"names":[],"mappings":";;;;;;;;;;;;;;;;;;;AAKA,WAAW,oBAAX;6BAAwC;;;;;;;;;;;;;iCAMtC;yBAAY;AACV,aAAO,CAAC,CAAC,KAAK,SAAL,CAAe,UAAU,KAAV,EAAiB,IAAjB,EAAuB;AAC7C,eAAO,MAAM,mBAAN,CAA0B,IAA1B,EAAgC,YAAhC,EAAP,CAD6C;OAAvB,EAErB,OAFM,CAAD,CADE;;;;;;SAN0B;EAA6B,cAArE;;AAaA,WAAW,oBAAX,CAAgC,QAAhC,CAAyC,wBAAzC","file":"/packages/easysearch:components/lib/if-no-results/if-no-results.js.map","sourcesContent":["/**\n * The IfNoResultsComponent lets you display content when there are no results.\n *\n * @type {IfNoResultsComponent}\n */\nEasySearch.IfNoResultsComponent = class IfNoResultsComponent extends BaseComponent {\n  /**\n   * Return true if there are no results.\n   *\n   * @returns {boolean}\n   */\n  noResults() {\n    return !!this.eachIndex(function (index, name) {\n      return index.getComponentMethods(name).hasNoResults();\n    }, 'every');\n  }\n};\n\nEasySearch.IfNoResultsComponent.register('EasySearch.IfNoResults');\n"]},"hash":"0b03a690af4170a31a1905c639a3d9a2e091604a"}
