{"metadata":{"usedHelpers":[],"marked":[],"modules":{"imports":[],"exports":{"exported":[],"specifiers":[]}}},"options":{"filename":"/packages/random/deprecated.js","filenameRelative":"/packages/random/deprecated.js","env":{},"retainLines":false,"highlightCode":true,"suppressDeprecationMessages":false,"presets":[],"plugins":[[[],null],[[],null],[[],null],[[],null],[[],null],[[],null],[[],null],[[],{"polyfill":false}],[[],null],[[],null],[[],null],[[],null],[[],null],[[],null],[[],null],[[],null],[[],{"loose":true}],[[],{"loose":true}],[[],null],[[],{"loose":true}],[[],null],[[],null],[[],{"allowTopLevelThis":true,"strict":false,"loose":true}],[[],null],[[],null],[[],null],[[],null],[[],null],[[],{"loose":true}],[[],null],[[],null],[[],null],[[],null],[[],null],[[],null],[[],null],[[],null]],"ignore":[],"code":true,"metadata":true,"ast":false,"comments":true,"compact":false,"minified":false,"sourceMap":true,"sourceMaps":true,"sourceMapTarget":"/packages/random/deprecated.js.map","sourceFileName":"/packages/random/deprecated.js","babelrc":false,"sourceType":"module","moduleIds":false,"passPerPreset":false,"basename":"deprecated"},"ignored":false,"code":"// Before this package existed, we used to use this Meteor.uuid()\n// implementing the RFC 4122 v4 UUID. It is no longer documented\n// and will go away.\n// XXX COMPAT WITH 0.5.6\nMeteor.uuid = function () {\n  var HEX_DIGITS = \"0123456789abcdef\";\n  var s = [];\n  for (var i = 0; i < 36; i++) {\n    s[i] = Random.choice(HEX_DIGITS);\n  }\n  s[14] = \"4\";\n  s[19] = HEX_DIGITS.substr(parseInt(s[19], 16) & 0x3 | 0x8, 1);\n  s[8] = s[13] = s[18] = s[23] = \"-\";\n\n  var uuid = s.join(\"\");\n  return uuid;\n};","ast":null,"map":{"version":3,"sources":["/packages/random/deprecated.js"],"names":[],"mappings":";;;;AAIA,OAAO,IAAP,GAAc,YAAY;AACxB,MAAI,aAAa,kBAAb,CADoB;AAExB,MAAI,IAAI,EAAJ,CAFoB;AAGxB,OAAK,IAAI,IAAI,CAAJ,EAAO,IAAI,EAAJ,EAAQ,GAAxB,EAA6B;AAC3B,MAAE,CAAF,IAAO,OAAO,MAAP,CAAc,UAAd,CAAP,CAD2B;GAA7B;AAGA,IAAE,EAAF,IAAQ,GAAR,CANwB;AAOxB,IAAE,EAAF,IAAQ,WAAW,MAAX,CAAkB,QAAC,CAAS,EAAE,EAAF,CAAT,EAAe,EAAf,IAAqB,GAArB,GAA4B,GAA7B,EAAkC,CAApD,CAAR,CAPwB;AAQxB,IAAE,CAAF,IAAO,EAAE,EAAF,IAAQ,EAAE,EAAF,IAAQ,EAAE,EAAF,IAAQ,GAAR,CARC;;AAUxB,MAAI,OAAO,EAAE,IAAF,CAAO,EAAP,CAAP,CAVoB;AAWxB,SAAO,IAAP,CAXwB;CAAZ","file":"/packages/random/deprecated.js.map","sourcesContent":["// Before this package existed, we used to use this Meteor.uuid()\n// implementing the RFC 4122 v4 UUID. It is no longer documented\n// and will go away.\n// XXX COMPAT WITH 0.5.6\nMeteor.uuid = function () {\n  var HEX_DIGITS = \"0123456789abcdef\";\n  var s = [];\n  for (var i = 0; i < 36; i++) {\n    s[i] = Random.choice(HEX_DIGITS);\n  }\n  s[14] = \"4\";\n  s[19] = HEX_DIGITS.substr((parseInt(s[19],16) & 0x3) | 0x8, 1);\n  s[8] = s[13] = s[18] = s[23] = \"-\";\n\n  var uuid = s.join(\"\");\n  return uuid;\n};\n"]},"hash":"10d9e4bf21a1c592c36c113481e6490b597dbbbd"}
