{"metadata":{"usedHelpers":[],"marked":[],"modules":{"imports":[],"exports":{"exported":[],"specifiers":[]}}},"options":{"filename":"/packages/ecmascript/bare-test-file.js","filenameRelative":"/packages/ecmascript/bare-test-file.js","env":{},"retainLines":false,"highlightCode":true,"suppressDeprecationMessages":false,"presets":[],"plugins":[[[],null],[[],null],[[],null],[[],null],[[],null],[[],null],[[],null],[[],{"polyfill":false}],[[],null],[[],null],[[],null],[[],null],[[],null],[[],null],[[],null],[[],null],[[],{"loose":true}],[[],{"loose":true}],[[],null],[[],{"loose":true}],[[],null],[[],null],[[],{"allowTopLevelThis":true,"strict":false,"loose":true}],[[],null],[[],null],[[],null],[[],null],[[],null],[[],{"loose":true}],[[],null],[[],null],[[],null],[[],null],[[],null],[[],null],[[],null],[[],null]],"ignore":[],"code":true,"metadata":true,"ast":false,"comments":true,"compact":false,"minified":false,"sourceMap":true,"sourceMaps":true,"sourceMapTarget":"/packages/ecmascript/bare-test-file.js.map","sourceFileName":"/packages/ecmascript/bare-test-file.js","babelrc":false,"sourceType":"module","moduleIds":false,"passPerPreset":false,"basename":"bare-test-file"},"ignored":false,"code":"// Since this file is added with bare: true, this variable will be accessible\n// in package scope.\nvar exportedFromBareFile = \"Yes\";","ast":null,"map":{"version":3,"sources":["/packages/ecmascript/bare-test-file.js"],"names":[],"mappings":";;AAEA,IAAI,uBAAuB,KAAvB","file":"/packages/ecmascript/bare-test-file.js.map","sourcesContent":["// Since this file is added with bare: true, this variable will be accessible\n// in package scope.\nvar exportedFromBareFile = \"Yes\";\n"]},"hash":"14f658d50b81e8082db65791db338020a7d73f50"}
