{"metadata":{"usedHelpers":[],"marked":[],"modules":{"imports":[],"exports":{"exported":[],"specifiers":[]}}},"options":{"filename":"/packages/ecmascript/plugin.js","filenameRelative":"/packages/ecmascript/plugin.js","env":{},"retainLines":false,"highlightCode":true,"suppressDeprecationMessages":false,"presets":[],"plugins":[[[],null],[[],null],[[],null],[[],null],[[],null],[[],null],[[],null],[[],{"polyfill":false}],[[],null],[[],null],[[],null],[[],null],[[],null],[[],null],[[],null],[[],null],[[],{"loose":true}],[[],{"loose":true}],[[],null],[[],{"loose":true}],[[],null],[[],null],[[],{"allowTopLevelThis":true,"strict":false,"loose":true}],[[],null],[[],null],[[],null],[[],null],[[],null],[[],{"loose":true}],[[],null],[[],null],[[],null],[[],null],[[],null],[[],null],[[],null],[[],null]],"ignore":[],"code":true,"metadata":true,"ast":false,"comments":true,"compact":false,"minified":false,"sourceMap":true,"sourceMaps":true,"sourceMapTarget":"/packages/ecmascript/plugin.js.map","sourceFileName":"/packages/ecmascript/plugin.js","babelrc":false,"sourceType":"module","moduleIds":false,"passPerPreset":false,"basename":"plugin"},"ignored":false,"code":"Plugin.registerCompiler({\n  extensions: ['js', 'jsx']\n}, function () {\n  return new BabelCompiler({\n    react: true\n  });\n});","ast":null,"map":{"version":3,"sources":["/packages/ecmascript/plugin.js"],"names":[],"mappings":"AAAA,OAAO,gBAAP,CAAwB;AACtB,cAAY,CAAC,IAAD,EAAO,KAAP,CAAZ;CADF,EAEG,YAAY;AACb,SAAO,IAAI,aAAJ,CAAkB;AACvB,WAAO,IAAP;GADK,CAAP,CADa;CAAZ,CAFH","file":"/packages/ecmascript/plugin.js.map","sourcesContent":["Plugin.registerCompiler({\n  extensions: ['js', 'jsx'],\n}, function () {\n  return new BabelCompiler({\n    react: true\n  });\n});\n"]},"hash":"20764431bfabe6c888a30220313956692a11eeb7"}
