{"metadata":{"usedHelpers":[],"marked":[],"modules":{"imports":[],"exports":{"exported":[],"specifiers":[]}}},"options":{"filename":"/packages/accounts-password/email_templates.js","filenameRelative":"/packages/accounts-password/email_templates.js","env":{},"retainLines":false,"highlightCode":true,"suppressDeprecationMessages":false,"presets":[],"plugins":[[[],null],[[],null],[[],null],[[],null],[[],null],[[],null],[[],null],[[],{"polyfill":false}],[[],null],[[],null],[[],null],[[],null],[[],null],[[],null],[[],null],[[],null],[[],{"loose":true}],[[],{"loose":true}],[[],null],[[],{"loose":true}],[[],null],[[],null],[[],{"allowTopLevelThis":true,"strict":false,"loose":true}],[[],null],[[],null],[[],null],[[],null],[[],null],[[],{"loose":true}],[[],null],[[],null],[[],null],[[],null],[[],null],[[],null],[[],null],[[],null]],"ignore":[],"code":true,"metadata":true,"ast":false,"comments":true,"compact":false,"minified":false,"sourceMap":true,"sourceMaps":true,"sourceMapTarget":"/packages/accounts-password/email_templates.js.map","sourceFileName":"/packages/accounts-password/email_templates.js","babelrc":false,"sourceType":"module","moduleIds":false,"passPerPreset":false,"basename":"email_templates"},"ignored":false,"code":"function greet(welcomeMsg) {\n  return function (user, url) {\n    var greeting = user.profile && user.profile.name ? \"Hello \" + user.profile.name + \",\" : \"Hello,\";\n    return greeting + \"\\n\\n\" + welcomeMsg + \", simply click the link below.\\n\\n\" + url + \"\\n\\nThanks.\\n\";\n  };\n}\n\n/**\n * @summary Options to customize emails sent from the Accounts system.\n * @locus Server\n * @importFromPackage accounts-base\n */\nAccounts.emailTemplates = {\n  from: \"Meteor Accounts <no-reply@meteor.com>\",\n  siteName: Meteor.absoluteUrl().replace(/^https?:\\/\\//, '').replace(/\\/$/, ''),\n\n  resetPassword: {\n    subject: function () {\n      function subject(user) {\n        return \"How to reset your password on \" + Accounts.emailTemplates.siteName;\n      }\n\n      return subject;\n    }(),\n    text: function () {\n      function text(user, url) {\n        var greeting = user.profile && user.profile.name ? \"Hello \" + user.profile.name + \",\" : \"Hello,\";\n        return greeting + \"\\n\\nTo reset your password, simply click the link below.\\n\\n\" + url + \"\\n\\nThanks.\\n\";\n      }\n\n      return text;\n    }()\n  },\n  verifyEmail: {\n    subject: function () {\n      function subject(user) {\n        return \"How to verify email address on \" + Accounts.emailTemplates.siteName;\n      }\n\n      return subject;\n    }(),\n    text: greet(\"To verify your account email\")\n  },\n  enrollAccount: {\n    subject: function () {\n      function subject(user) {\n        return \"An account has been created for you on \" + Accounts.emailTemplates.siteName;\n      }\n\n      return subject;\n    }(),\n    text: greet(\"To start using the service\")\n  }\n};","ast":null,"map":{"version":3,"sources":["/packages/accounts-password/email_templates.js"],"names":[],"mappings":"AAAA,SAAS,KAAT,CAAe,UAAf,EAA2B;AACzB,SAAO,UAAS,IAAT,EAAe,GAAf,EAAoB;AACvB,QAAI,WAAW,IAAC,CAAK,OAAL,IAAgB,KAAK,OAAL,CAAa,IAAb,GACzB,WAAW,KAAK,OAAL,CAAa,IAAb,GAAoB,GAA/B,GAAsC,QAD9B,CADQ;AAGvB,WAAU,oBAEd,oDAEA,qBAJI,CAHuB;GAApB,CADkB;CAA3B;;;;;;;AAoBA,SAAS,cAAT,GAA0B;AACxB,QAAM,uCAAN;AACA,YAAU,OAAO,WAAP,GAAqB,OAArB,CAA6B,cAA7B,EAA6C,EAA7C,EAAiD,OAAjD,CAAyD,KAAzD,EAAgE,EAAhE,CAAV;;AAEA,iBAAe;AACb;AAAS,uBAAS,IAAT,EAAe;AACtB,eAAO,mCAAmC,SAAS,cAAT,CAAwB,QAAxB,CADpB;OAAf;;;OAAT;AAGA;AAAM,oBAAS,IAAT,EAAe,GAAf,EAAoB;AACxB,YAAI,WAAW,IAAC,CAAK,OAAL,IAAgB,KAAK,OAAL,CAAa,IAAb,GACzB,WAAW,KAAK,OAAL,CAAa,IAAb,GAAoB,GAA/B,GAAsC,QAD9B,CADS;AAGxB,eAAU,4EAId,qBAJI,CAHwB;OAApB;;;OAAN;GAJF;AAiBA,eAAa;AACX;AAAS,uBAAS,IAAT,EAAe;AACtB,eAAO,oCAAoC,SAAS,cAAT,CAAwB,QAAxB,CADrB;OAAf;;;OAAT;AAGA,UAAM,MAAM,8BAAN,CAAN;GAJF;AAMA,iBAAe;AACb;AAAS,uBAAS,IAAT,EAAe;AACtB,eAAO,4CAA4C,SAAS,cAAT,CAAwB,QAAxB,CAD7B;OAAf;;;OAAT;AAGA,UAAM,MAAM,4BAAN,CAAN;GAJF;CA3BF","file":"/packages/accounts-password/email_templates.js.map","sourcesContent":["function greet(welcomeMsg) {\n  return function(user, url) {\n      var greeting = (user.profile && user.profile.name) ?\n            (\"Hello \" + user.profile.name + \",\") : \"Hello,\";\n      return `${greeting}\n\n${welcomeMsg}, simply click the link below.\n\n${url}\n\nThanks.\n`;\n  };\n}\n\n/**\n * @summary Options to customize emails sent from the Accounts system.\n * @locus Server\n * @importFromPackage accounts-base\n */\nAccounts.emailTemplates = {\n  from: \"Meteor Accounts <no-reply@meteor.com>\",\n  siteName: Meteor.absoluteUrl().replace(/^https?:\\/\\//, '').replace(/\\/$/, ''),\n\n  resetPassword: {\n    subject: function(user) {\n      return \"How to reset your password on \" + Accounts.emailTemplates.siteName;\n    },\n    text: function(user, url) {\n      var greeting = (user.profile && user.profile.name) ?\n            (\"Hello \" + user.profile.name + \",\") : \"Hello,\";\n      return `${greeting}\n\nTo reset your password, simply click the link below.\n\n${url}\n\nThanks.\n`;\n    }\n  },\n  verifyEmail: {\n    subject: function(user) {\n      return \"How to verify email address on \" + Accounts.emailTemplates.siteName;\n    },\n    text: greet(\"To verify your account email\")\n  },\n  enrollAccount: {\n    subject: function(user) {\n      return \"An account has been created for you on \" + Accounts.emailTemplates.siteName;\n    },\n    text: greet(\"To start using the service\")\n  }\n};\n"]},"hash":"22781d9df06d9be305ce3bff13ed32c1bc637c15"}
