{"metadata":{"usedHelpers":["inherits","possibleConstructorReturn","classCallCheck","interopRequireDefault"],"marked":[],"modules":{"imports":[],"exports":{"exported":[],"specifiers":[]}}},"options":{"filename":"/packages/easysearch:components/lib/if-searching/if-searching.js","filenameRelative":"/packages/easysearch:components/lib/if-searching/if-searching.js","env":{},"retainLines":false,"highlightCode":true,"suppressDeprecationMessages":false,"presets":[],"plugins":[[[],null],[[],null],[[],null],[[],null],[[],null],[[],null],[[],null],[[],{"polyfill":false}],[[],null],[[],null],[[],null],[[],null],[[],null],[[],null],[[],null],[[],null],[[],{"loose":true}],[[],{"loose":true}],[[],null],[[],{"loose":true}],[[],null],[[],null],[[],{"allowTopLevelThis":true,"strict":false,"loose":true}],[[],null],[[],null],[[],null],[[],null],[[],null],[[],{"loose":true}],[[],null],[[],null],[[],null],[[],null],[[],null],[[],null],[[],null],[[],null]],"ignore":[],"code":true,"metadata":true,"ast":false,"comments":true,"compact":false,"minified":false,"sourceMap":true,"sourceMaps":true,"sourceMapTarget":"/packages/easysearch:components/lib/if-searching/if-searching.js.map","sourceFileName":"/packages/easysearch:components/lib/if-searching/if-searching.js","babelrc":false,"sourceType":"module","moduleIds":false,"passPerPreset":false,"basename":"if-searching"},"ignored":false,"code":"var _classCallCheck2 = require('babel-runtime/helpers/classCallCheck');\n\nvar _classCallCheck3 = _interopRequireDefault(_classCallCheck2);\n\nvar _possibleConstructorReturn2 = require('babel-runtime/helpers/possibleConstructorReturn');\n\nvar _possibleConstructorReturn3 = _interopRequireDefault(_possibleConstructorReturn2);\n\nvar _inherits2 = require('babel-runtime/helpers/inherits');\n\nvar _inherits3 = _interopRequireDefault(_inherits2);\n\nfunction _interopRequireDefault(obj) { return obj && obj.__esModule ? obj : { 'default': obj }; }\n\n/**\n * The IfSearchingComponent lets you display content when the component is being searched.\n *\n * @type {IfSearchingComponent}\n */\nEasySearch.IfSearchingComponent = function (_BaseComponent) {\n  (0, _inherits3['default'])(IfSearchingComponent, _BaseComponent);\n\n  function IfSearchingComponent() {\n    (0, _classCallCheck3['default'])(this, IfSearchingComponent);\n    return (0, _possibleConstructorReturn3['default'])(this, _BaseComponent.apply(this, arguments));\n  }\n\n  /**\n   * Return true if the component is being searched.\n   *\n   * @returns {boolean}\n   */\n\n  IfSearchingComponent.prototype.searching = function () {\n    function searching() {\n      return !!this.eachIndex(function (index, name) {\n        return index.getComponentMethods(name).isSearching();\n      }, 'every');\n    }\n\n    return searching;\n  }();\n\n  return IfSearchingComponent;\n}(BaseComponent);\n\nEasySearch.IfSearchingComponent.register('EasySearch.IfSearching');","ast":null,"map":{"version":3,"sources":["/packages/easysearch:components/lib/if-searching/if-searching.js"],"names":[],"mappings":";;;;;;;;;;;;;;;;;;;AAKA,WAAW,oBAAX;6BAAwC;;;;;;;;;;;;;iCAMtC;yBAAY;AACV,aAAO,CAAC,CAAC,KAAK,SAAL,CAAe,UAAU,KAAV,EAAiB,IAAjB,EAAuB;AAC7C,eAAO,MAAM,mBAAN,CAA0B,IAA1B,EAAgC,WAAhC,EAAP,CAD6C;OAAvB,EAErB,OAFM,CAAD,CADE;;;;;;SAN0B;EAA6B,cAArE;;AAaA,WAAW,oBAAX,CAAgC,QAAhC,CAAyC,wBAAzC","file":"/packages/easysearch:components/lib/if-searching/if-searching.js.map","sourcesContent":["/**\n * The IfSearchingComponent lets you display content when the component is being searched.\n *\n * @type {IfSearchingComponent}\n */\nEasySearch.IfSearchingComponent = class IfSearchingComponent extends BaseComponent {\n  /**\n   * Return true if the component is being searched.\n   *\n   * @returns {boolean}\n   */\n  searching() {\n    return !!this.eachIndex(function (index, name) {\n      return index.getComponentMethods(name).isSearching();\n    }, 'every');\n  }\n};\n\nEasySearch.IfSearchingComponent.register('EasySearch.IfSearching');\n"]},"hash":"31f53a74699af117970667a4191d785172680204"}
