{"metadata":{"usedHelpers":[],"marked":[],"modules":{"imports":[],"exports":{"exported":[],"specifiers":[]}}},"options":{"filename":"/packages/easysearch:core/lib/globals.js","filenameRelative":"/packages/easysearch:core/lib/globals.js","env":{},"retainLines":false,"highlightCode":true,"suppressDeprecationMessages":false,"presets":[],"plugins":[[[],null],[[],null],[[],null],[[],null],[[],null],[[],null],[[],null],[[],{"polyfill":false}],[[],null],[[],null],[[],null],[[],null],[[],null],[[],null],[[],null],[[],null],[[],{"loose":true}],[[],{"loose":true}],[[],null],[[],{"loose":true}],[[],null],[[],null],[[],{"allowTopLevelThis":true,"strict":false,"loose":true}],[[],null],[[],null],[[],null],[[],null],[[],null],[[],{"loose":true}],[[],null],[[],null],[[],null],[[],null],[[],null],[[],null],[[],null],[[],null]],"ignore":[],"code":true,"metadata":true,"ast":false,"comments":true,"compact":false,"minified":false,"sourceMap":true,"sourceMaps":true,"sourceMapTarget":"/packages/easysearch:core/lib/globals.js.map","sourceFileName":"/packages/easysearch:core/lib/globals.js","babelrc":false,"sourceType":"module","moduleIds":false,"passPerPreset":false,"basename":"globals"},"ignored":false,"code":"EasySearch = {\n  // Core\n  Index: Index,\n  Engine: Engine,\n  ReactiveEngine: ReactiveEngine,\n  Cursor: Cursor,\n  // Engines\n  MongoDB: MongoDBEngine,\n  Minimongo: MinimongoEngine,\n  MongoTextIndex: MongoTextIndexEngine\n};","ast":null,"map":{"version":3,"sources":["/packages/easysearch:core/lib/globals.js"],"names":[],"mappings":"AAAA,aAAa;;AAEX,cAFW;AAGX,gBAHW;AAIX,gCAJW;AAKX,gBALW;;AAOX,WAAS,aAAT;AACA,aAAW,eAAX;AACA,kBAAgB,oBAAhB;CATF","file":"/packages/easysearch:core/lib/globals.js.map","sourcesContent":["EasySearch = {\n  // Core\n  Index,\n  Engine,\n  ReactiveEngine,\n  Cursor,\n  // Engines\n  MongoDB: MongoDBEngine,\n  Minimongo: MinimongoEngine,\n  MongoTextIndex: MongoTextIndexEngine\n};\n"]},"hash":"3d0ffa5d804a52e133a193eee55af3e0d54d420a"}
