{"metadata":{"usedHelpers":["inherits","possibleConstructorReturn","classCallCheck","interopRequireDefault"],"marked":[],"modules":{"imports":[],"exports":{"exported":[],"specifiers":[]}}},"options":{"filename":"/packages/easysearch:core/lib/engines/mongo-text-index.js","filenameRelative":"/packages/easysearch:core/lib/engines/mongo-text-index.js","env":{},"retainLines":false,"highlightCode":true,"suppressDeprecationMessages":false,"presets":[],"plugins":[[[],null],[[],null],[[],null],[[],null],[[],null],[[],null],[[],null],[[],{"polyfill":false}],[[],null],[[],null],[[],null],[[],null],[[],null],[[],null],[[],null],[[],null],[[],{"loose":true}],[[],{"loose":true}],[[],null],[[],{"loose":true}],[[],null],[[],null],[[],{"allowTopLevelThis":true,"strict":false,"loose":true}],[[],null],[[],null],[[],null],[[],null],[[],null],[[],{"loose":true}],[[],null],[[],null],[[],null],[[],null],[[],null],[[],null],[[],null],[[],null]],"ignore":[],"code":true,"metadata":true,"ast":false,"comments":true,"compact":false,"minified":false,"sourceMap":true,"sourceMaps":true,"sourceMapTarget":"/packages/easysearch:core/lib/engines/mongo-text-index.js.map","sourceFileName":"/packages/easysearch:core/lib/engines/mongo-text-index.js","babelrc":false,"sourceType":"module","moduleIds":false,"passPerPreset":false,"basename":"mongo-text-index"},"ignored":false,"code":"var _classCallCheck2 = require('babel-runtime/helpers/classCallCheck');\n\nvar _classCallCheck3 = _interopRequireDefault(_classCallCheck2);\n\nvar _possibleConstructorReturn2 = require('babel-runtime/helpers/possibleConstructorReturn');\n\nvar _possibleConstructorReturn3 = _interopRequireDefault(_possibleConstructorReturn2);\n\nvar _inherits2 = require('babel-runtime/helpers/inherits');\n\nvar _inherits3 = _interopRequireDefault(_inherits2);\n\nfunction _interopRequireDefault(obj) { return obj && obj.__esModule ? obj : { 'default': obj }; }\n\n/**\n * The MongoTextIndexEngine lets you search the index with Mongo text indexes.\n *\n * @type {MongoTextIndexEngine}\n */\nMongoTextIndexEngine = function (_ReactiveEngine) {\n  (0, _inherits3['default'])(MongoTextIndexEngine, _ReactiveEngine);\n\n  function MongoTextIndexEngine() {\n    (0, _classCallCheck3['default'])(this, MongoTextIndexEngine);\n    return (0, _possibleConstructorReturn3['default'])(this, _ReactiveEngine.apply(this, arguments));\n  }\n\n  /**\n   * Return default configuration.\n   *\n   * @returns {Object}\n   */\n\n  MongoTextIndexEngine.prototype.defaultConfiguration = function () {\n    function defaultConfiguration() {\n      var mongoConfiguration = MongoDBEngine.defaultMongoConfiguration(this);\n\n      mongoConfiguration.selector = function (searchString) {\n        if (searchString.trim()) {\n          return { $text: { $search: searchString } };\n        }\n\n        return {};\n      };\n\n      return _.defaults({}, mongoConfiguration, _ReactiveEngine.prototype.defaultConfiguration.call(this));\n    }\n\n    return defaultConfiguration;\n  }();\n\n  /**\n   * Setup the index on creation.\n   *\n   * @param {Object} indexConfig Index configuration\n   */\n\n\n  MongoTextIndexEngine.prototype.onIndexCreate = function () {\n    function onIndexCreate(indexConfig) {\n      _ReactiveEngine.prototype.onIndexCreate.call(this, indexConfig);\n\n      if (Meteor.isServer) {\n        (function () {\n          var textIndexesConfig = {};\n\n          _.each(indexConfig.fields, function (field) {\n            textIndexesConfig[field] = 'text';\n          });\n\n          if (indexConfig.weights) {\n            textIndexesConfig.weights = options.weights();\n          }\n\n          indexConfig.collection._ensureIndex(textIndexesConfig);\n        })();\n      }\n    }\n\n    return onIndexCreate;\n  }();\n\n  /**\n   * Transform the search definition.\n   *\n   * @param {String|Object} searchDefinition Search definition\n   * @param {Object}        options          Search and index options\n   *\n   * @returns {Object}\n   */\n\n\n  MongoTextIndexEngine.prototype.transformSearchDefinition = function () {\n    function transformSearchDefinition(searchDefinition, options) {\n      return searchDefinition;\n    }\n\n    return transformSearchDefinition;\n  }();\n\n  /**\n   * Check the given search parameter for validity\n   *\n   * @param search\n   */\n\n\n  MongoTextIndexEngine.prototype.checkSearchParam = function () {\n    function checkSearchParam(search) {\n      check(search, String);\n    }\n\n    return checkSearchParam;\n  }();\n\n  return MongoTextIndexEngine;\n}(ReactiveEngine);\n\n// Explicitely inherit getSearchCursor method functionality\nMongoTextIndexEngine.prototype.getSearchCursor = MongoDBEngine.prototype.getSearchCursor;\nMongoTextIndexEngine.prototype.getFindOptions = MongoDBEngine.prototype.getFindOptions;","ast":null,"map":{"version":3,"sources":["/packages/easysearch:core/lib/engines/mongo-text-index.js"],"names":[],"mappings":";;;;;;;;;;;;;;;;;;;AAKA;6BAA6B;;;;;;;;;;;;;iCAM3B;oCAAuB;AACrB,UAAI,qBAAqB,cAAc,yBAAd,CAAwC,IAAxC,CAArB,CADiB;;AAGrB,yBAAmB,QAAnB,GAA8B,UAAU,YAAV,EAAwB;AACpD,YAAI,aAAa,IAAb,EAAJ,EAAyB;AACvB,iBAAO,EAAE,OAAO,EAAE,SAAS,YAAT,EAAT,EAAT,CADuB;SAAzB;;AAIA,eAAO,EAAP,CALoD;OAAxB,CAHT;;AAWrB,aAAO,EAAE,QAAF,CAAW,EAAX,EAAe,kBAAf,EAAmC,0BAAM,oBAAN,WAAnC,CAAP,CAXqB;;;;;;;;;;;;;AANI,iCAyB3B;2BAAc,aAAa;AACzB,gCAAM,aAAN,YAAoB,WAApB,EADyB;;AAGzB,UAAI,OAAO,QAAP,EAAiB;;AACnB,cAAI,oBAAoB,EAApB;;AAEJ,YAAE,IAAF,CAAO,YAAY,MAAZ,EAAoB,UAAU,KAAV,EAAiB;AAC1C,8BAAkB,KAAlB,IAA2B,MAA3B,CAD0C;WAAjB,CAA3B;;AAIA,cAAI,YAAY,OAAZ,EAAqB;AACvB,8BAAkB,OAAlB,GAA4B,QAAQ,OAAR,EAA5B,CADuB;WAAzB;;AAIA,sBAAY,UAAZ,CAAuB,YAAvB,CAAoC,iBAApC;aAXmB;OAArB;;;;;;;;;;;;;;;;AA5ByB,iCAmD3B;uCAA0B,kBAAkB,SAAS;AACnD,aAAO,gBAAP,CADmD;;;;;;;;;;;;;AAnD1B,iCA4D3B;8BAAiB,QAAQ;AACvB,YAAM,MAAN,EAAc,MAAd,EADuB;;;;;;SA5DE;EAA6B,eAA1D;;;AAkEA,qBAAqB,SAArB,CAA+B,eAA/B,GAAiD,cAAc,SAAd,CAAwB,eAAxB;AACjD,qBAAqB,SAArB,CAA+B,cAA/B,GAAgD,cAAc,SAAd,CAAwB,cAAxB","file":"/packages/easysearch:core/lib/engines/mongo-text-index.js.map","sourcesContent":["/**\n * The MongoTextIndexEngine lets you search the index with Mongo text indexes.\n *\n * @type {MongoTextIndexEngine}\n */\nMongoTextIndexEngine = class MongoTextIndexEngine extends ReactiveEngine {\n  /**\n   * Return default configuration.\n   *\n   * @returns {Object}\n   */\n  defaultConfiguration() {\n    let mongoConfiguration = MongoDBEngine.defaultMongoConfiguration(this);\n\n    mongoConfiguration.selector = function (searchString) {\n      if (searchString.trim()) {\n        return { $text: { $search: searchString } };\n      }\n\n      return {};\n    };\n\n    return _.defaults({}, mongoConfiguration, super.defaultConfiguration());\n  }\n\n  /**\n   * Setup the index on creation.\n   *\n   * @param {Object} indexConfig Index configuration\n   */\n  onIndexCreate(indexConfig) {\n    super.onIndexCreate(indexConfig);\n\n    if (Meteor.isServer) {\n      let textIndexesConfig = {};\n\n      _.each(indexConfig.fields, function (field) {\n        textIndexesConfig[field] = 'text';\n      });\n\n      if (indexConfig.weights) {\n        textIndexesConfig.weights = options.weights();\n      }\n\n      indexConfig.collection._ensureIndex(textIndexesConfig);\n    }\n  }\n\n  /**\n   * Transform the search definition.\n   *\n   * @param {String|Object} searchDefinition Search definition\n   * @param {Object}        options          Search and index options\n   *\n   * @returns {Object}\n   */\n  transformSearchDefinition(searchDefinition, options) {\n    return searchDefinition;\n  }\n\n  /**\n   * Check the given search parameter for validity\n   *\n   * @param search\n   */\n  checkSearchParam(search) {\n    check(search, String);\n  }\n};\n\n// Explicitely inherit getSearchCursor method functionality\nMongoTextIndexEngine.prototype.getSearchCursor = MongoDBEngine.prototype.getSearchCursor;\nMongoTextIndexEngine.prototype.getFindOptions = MongoDBEngine.prototype.getFindOptions;\n"]},"hash":"50ef73acf2d862cd02d68af44886d9fd4d3143e4"}
