{"metadata":{"usedHelpers":["typeof","interopRequireDefault"],"marked":[],"modules":{"imports":[],"exports":{"exported":[],"specifiers":[]}}},"options":{"filename":"/packages/webapp/webapp_server.js","filenameRelative":"/packages/webapp/webapp_server.js","env":{},"retainLines":false,"highlightCode":true,"suppressDeprecationMessages":false,"presets":[],"plugins":[[[],null],[[],null],[[],null],[[],null],[[],null],[[],null],[[],null],[[],{"polyfill":false}],[[],null],[[],null],[[],null],[[],null],[[],null],[[],null],[[],null],[[],null],[[],{"loose":true}],[[],{"loose":true}],[[],null],[[],{"loose":true}],[[],null],[[],null],[[],{"allowTopLevelThis":true,"strict":false,"loose":true}],[[],null],[[],null],[[],null],[[],null],[[],null],[[],{"loose":true}],[[],null],[[],null],[[],null],[[],null],[[],null],[[],null],[[],null],[[],null]],"ignore":[],"code":true,"metadata":true,"ast":false,"comments":true,"compact":false,"minified":false,"sourceMap":true,"sourceMaps":true,"sourceMapTarget":"/packages/webapp/webapp_server.js.map","sourceFileName":"/packages/webapp/webapp_server.js","babelrc":false,"sourceType":"module","moduleIds":false,"passPerPreset":false,"basename":"webapp_server"},"ignored":false,"code":"var _typeof2 = require(\"babel-runtime/helpers/typeof\");\n\nvar _typeof3 = _interopRequireDefault(_typeof2);\n\nfunction _interopRequireDefault(obj) { return obj && obj.__esModule ? obj : { \"default\": obj }; }\n\n////////// Requires //////////\n\nvar fs = Npm.require(\"fs\");\nvar http = Npm.require(\"http\");\nvar os = Npm.require(\"os\");\nvar path = Npm.require(\"path\");\nvar url = Npm.require(\"url\");\nvar crypto = Npm.require(\"crypto\");\n\nvar connect = Npm.require('connect');\nvar parseurl = Npm.require('parseurl');\nvar useragent = Npm.require('useragent');\nvar send = Npm.require('send');\n\nvar Future = Npm.require('fibers/future');\nvar Fiber = Npm.require('fibers');\n\nvar SHORT_SOCKET_TIMEOUT = 5 * 1000;\nvar LONG_SOCKET_TIMEOUT = 120 * 1000;\n\nWebApp = {};\nWebAppInternals = {};\n\nWebAppInternals.NpmModules = {\n  connect: {\n    version: Npm.require('connect/package.json').version,\n    module: connect\n  }\n};\n\nWebApp.defaultArch = 'web.browser';\n\n// XXX maps archs to manifests\nWebApp.clientPrograms = {};\n\n// XXX maps archs to program path on filesystem\nvar archPath = {};\n\nvar bundledJsCssUrlRewriteHook;\n\nvar sha1 = function sha1(contents) {\n  var hash = crypto.createHash('sha1');\n  hash.update(contents);\n  return hash.digest('hex');\n};\n\nvar readUtf8FileSync = function readUtf8FileSync(filename) {\n  return Meteor.wrapAsync(fs.readFile)(filename, 'utf8');\n};\n\n// #BrowserIdentification\n//\n// We have multiple places that want to identify the browser: the\n// unsupported browser page, the appcache package, and, eventually\n// delivering browser polyfills only as needed.\n//\n// To avoid detecting the browser in multiple places ad-hoc, we create a\n// Meteor \"browser\" object. It uses but does not expose the npm\n// useragent module (we could choose a different mechanism to identify\n// the browser in the future if we wanted to).  The browser object\n// contains\n//\n// * `name`: the name of the browser in camel case\n// * `major`, `minor`, `patch`: integers describing the browser version\n//\n// Also here is an early version of a Meteor `request` object, intended\n// to be a high-level description of the request without exposing\n// details of connect's low-level `req`.  Currently it contains:\n//\n// * `browser`: browser identification object described above\n// * `url`: parsed url, including parsed query params\n//\n// As a temporary hack there is a `categorizeRequest` function on WebApp which\n// converts a connect `req` to a Meteor `request`. This can go away once smart\n// packages such as appcache are being passed a `request` object directly when\n// they serve content.\n//\n// This allows `request` to be used uniformly: it is passed to the html\n// attributes hook, and the appcache package can use it when deciding\n// whether to generate a 404 for the manifest.\n//\n// Real routing / server side rendering will probably refactor this\n// heavily.\n\n// e.g. \"Mobile Safari\" => \"mobileSafari\"\nvar camelCase = function camelCase(name) {\n  var parts = name.split(' ');\n  parts[0] = parts[0].toLowerCase();\n  for (var i = 1; i < parts.length; ++i) {\n    parts[i] = parts[i].charAt(0).toUpperCase() + parts[i].substr(1);\n  }\n  return parts.join('');\n};\n\nvar identifyBrowser = function identifyBrowser(userAgentString) {\n  var userAgent = useragent.lookup(userAgentString);\n  return {\n    name: camelCase(userAgent.family),\n    major: +userAgent.major,\n    minor: +userAgent.minor,\n    patch: +userAgent.patch\n  };\n};\n\n// XXX Refactor as part of implementing real routing.\nWebAppInternals.identifyBrowser = identifyBrowser;\n\nWebApp.categorizeRequest = function (req) {\n  return _.extend({\n    browser: identifyBrowser(req.headers['user-agent']),\n    url: url.parse(req.url, true)\n  }, _.pick(req, 'dynamicHead', 'dynamicBody'));\n};\n\n// HTML attribute hooks: functions to be called to determine any attributes to\n// be added to the '<html>' tag. Each function is passed a 'request' object (see\n// #BrowserIdentification) and should return null or object.\nvar htmlAttributeHooks = [];\nvar getHtmlAttributes = function getHtmlAttributes(request) {\n  var combinedAttributes = {};\n  _.each(htmlAttributeHooks || [], function (hook) {\n    var attributes = hook(request);\n    if (attributes === null) return;\n    if ((typeof attributes === \"undefined\" ? \"undefined\" : (0, _typeof3[\"default\"])(attributes)) !== 'object') throw Error(\"HTML attribute hook must return null or object\");\n    _.extend(combinedAttributes, attributes);\n  });\n  return combinedAttributes;\n};\nWebApp.addHtmlAttributeHook = function (hook) {\n  htmlAttributeHooks.push(hook);\n};\n\n// Serve app HTML for this URL?\nvar appUrl = function appUrl(url) {\n  if (url === '/favicon.ico' || url === '/robots.txt') return false;\n\n  // NOTE: app.manifest is not a web standard like favicon.ico and\n  // robots.txt. It is a file name we have chosen to use for HTML5\n  // appcache URLs. It is included here to prevent using an appcache\n  // then removing it from poisoning an app permanently. Eventually,\n  // once we have server side routing, this won't be needed as\n  // unknown URLs with return a 404 automatically.\n  if (url === '/app.manifest') return false;\n\n  // Avoid serving app HTML for declared routes such as /sockjs/.\n  if (RoutePolicy.classify(url)) return false;\n\n  // we currently return app HTML on all URLs by default\n  return true;\n};\n\n// We need to calculate the client hash after all packages have loaded\n// to give them a chance to populate __meteor_runtime_config__.\n//\n// Calculating the hash during startup means that packages can only\n// populate __meteor_runtime_config__ during load, not during startup.\n//\n// Calculating instead it at the beginning of main after all startup\n// hooks had run would allow packages to also populate\n// __meteor_runtime_config__ during startup, but that's too late for\n// autoupdate because it needs to have the client hash at startup to\n// insert the auto update version itself into\n// __meteor_runtime_config__ to get it to the client.\n//\n// An alternative would be to give autoupdate a \"post-start,\n// pre-listen\" hook to allow it to insert the auto update version at\n// the right moment.\n\nMeteor.startup(function () {\n  var calculateClientHash = WebAppHashing.calculateClientHash;\n  WebApp.clientHash = function (archName) {\n    archName = archName || WebApp.defaultArch;\n    return calculateClientHash(WebApp.clientPrograms[archName].manifest);\n  };\n\n  WebApp.calculateClientHashRefreshable = function (archName) {\n    archName = archName || WebApp.defaultArch;\n    return calculateClientHash(WebApp.clientPrograms[archName].manifest, function (name) {\n      return name === \"css\";\n    });\n  };\n  WebApp.calculateClientHashNonRefreshable = function (archName) {\n    archName = archName || WebApp.defaultArch;\n    return calculateClientHash(WebApp.clientPrograms[archName].manifest, function (name) {\n      return name !== \"css\";\n    });\n  };\n  WebApp.calculateClientHashCordova = function () {\n    var archName = 'web.cordova';\n    if (!WebApp.clientPrograms[archName]) return 'none';\n\n    return calculateClientHash(WebApp.clientPrograms[archName].manifest, null, _.pick(__meteor_runtime_config__, 'PUBLIC_SETTINGS'));\n  };\n});\n\n// When we have a request pending, we want the socket timeout to be long, to\n// give ourselves a while to serve it, and to allow sockjs long polls to\n// complete.  On the other hand, we want to close idle sockets relatively\n// quickly, so that we can shut down relatively promptly but cleanly, without\n// cutting off anyone's response.\nWebApp._timeoutAdjustmentRequestCallback = function (req, res) {\n  // this is really just req.socket.setTimeout(LONG_SOCKET_TIMEOUT);\n  req.setTimeout(LONG_SOCKET_TIMEOUT);\n  // Insert our new finish listener to run BEFORE the existing one which removes\n  // the response from the socket.\n  var finishListeners = res.listeners('finish');\n  // XXX Apparently in Node 0.12 this event is now called 'prefinish'.\n  // https://github.com/joyent/node/commit/7c9b6070\n  res.removeAllListeners('finish');\n  res.on('finish', function () {\n    res.setTimeout(SHORT_SOCKET_TIMEOUT);\n  });\n  _.each(finishListeners, function (l) {\n    res.on('finish', l);\n  });\n};\n\n// Will be updated by main before we listen.\n// Map from client arch to boilerplate object.\n// Boilerplate object has:\n//   - func: XXX\n//   - baseData: XXX\nvar boilerplateByArch = {};\n\n// Given a request (as returned from `categorizeRequest`), return the\n// boilerplate HTML to serve for that request.\n//\n// If a previous connect middleware has rendered content for the head or body,\n// returns the boilerplate with that content patched in otherwise\n// memoizes on HTML attributes (used by, eg, appcache) and whether inline\n// scripts are currently allowed.\n// XXX so far this function is always called with arch === 'web.browser'\nvar memoizedBoilerplate = {};\nvar getBoilerplate = function getBoilerplate(request, arch) {\n  var useMemoized = !(request.dynamicHead || request.dynamicBody);\n  var htmlAttributes = getHtmlAttributes(request);\n\n  if (useMemoized) {\n    // The only thing that changes from request to request (unless extra\n    // content is added to the head or body) are the HTML attributes\n    // (used by, eg, appcache) and whether inline scripts are allowed, so we\n    // can memoize based on that.\n    var memHash = JSON.stringify({\n      inlineScriptsAllowed: inlineScriptsAllowed,\n      htmlAttributes: htmlAttributes,\n      arch: arch\n    });\n\n    if (!memoizedBoilerplate[memHash]) {\n      memoizedBoilerplate[memHash] = boilerplateByArch[arch].toHTML({\n        htmlAttributes: htmlAttributes\n      });\n    }\n    return memoizedBoilerplate[memHash];\n  }\n\n  var boilerplateOptions = _.extend({\n    htmlAttributes: htmlAttributes\n  }, _.pick(request, 'dynamicHead', 'dynamicBody'));\n\n  return boilerplateByArch[arch].toHTML(boilerplateOptions);\n};\n\nWebAppInternals.generateBoilerplateInstance = function (arch, manifest, additionalOptions) {\n  additionalOptions = additionalOptions || {};\n\n  var runtimeConfig = _.extend(_.clone(__meteor_runtime_config__), additionalOptions.runtimeConfigOverrides || {});\n\n  var jsCssUrlRewriteHook = bundledJsCssUrlRewriteHook || function (url) {\n    var bundledPrefix = __meteor_runtime_config__.ROOT_URL_PATH_PREFIX || '';\n    return bundledPrefix + url;\n  };\n\n  return new Boilerplate(arch, manifest, _.extend({\n    pathMapper: function () {\n      function pathMapper(itemPath) {\n        return path.join(archPath[arch], itemPath);\n      }\n\n      return pathMapper;\n    }(),\n    baseDataExtension: {\n      additionalStaticJs: _.map(additionalStaticJs || [], function (contents, pathname) {\n        return {\n          pathname: pathname,\n          contents: contents\n        };\n      }),\n      // Convert to a JSON string, then get rid of most weird characters, then\n      // wrap in double quotes. (The outermost JSON.stringify really ought to\n      // just be \"wrap in double quotes\" but we use it to be safe.) This might\n      // end up inside a <script> tag so we need to be careful to not include\n      // \"</script>\", but normal {{spacebars}} escaping escapes too much! See\n      // https://github.com/meteor/meteor/issues/3730\n      meteorRuntimeConfig: JSON.stringify(encodeURIComponent(JSON.stringify(runtimeConfig))),\n      rootUrlPathPrefix: __meteor_runtime_config__.ROOT_URL_PATH_PREFIX || '',\n      bundledJsCssUrlRewriteHook: jsCssUrlRewriteHook,\n      inlineScriptsAllowed: WebAppInternals.inlineScriptsAllowed(),\n      inline: additionalOptions.inline\n    }\n  }, additionalOptions));\n};\n\n// A mapping from url path to \"info\". Where \"info\" has the following fields:\n// - type: the type of file to be served\n// - cacheable: optionally, whether the file should be cached or not\n// - sourceMapUrl: optionally, the url of the source map\n//\n// Info also contains one of the following:\n// - content: the stringified content that should be served at this path\n// - absolutePath: the absolute path on disk to the file\n\nvar staticFiles;\n\n// Serve static files from the manifest or added with\n// `addStaticJs`. Exported for tests.\nWebAppInternals.staticFilesMiddleware = function (staticFiles, req, res, next) {\n  if ('GET' != req.method && 'HEAD' != req.method && 'OPTIONS' != req.method) {\n    next();\n    return;\n  }\n  var pathname = parseurl(req).pathname;\n  try {\n    pathname = decodeURIComponent(pathname);\n  } catch (e) {\n    next();\n    return;\n  }\n\n  var serveStaticJs = function serveStaticJs(s) {\n    res.writeHead(200, {\n      'Content-type': 'application/javascript; charset=UTF-8'\n    });\n    res.write(s);\n    res.end();\n  };\n\n  if (pathname === \"/meteor_runtime_config.js\" && !WebAppInternals.inlineScriptsAllowed()) {\n    serveStaticJs(\"__meteor_runtime_config__ = \" + JSON.stringify(__meteor_runtime_config__) + \";\");\n    return;\n  } else if (_.has(additionalStaticJs, pathname) && !WebAppInternals.inlineScriptsAllowed()) {\n    serveStaticJs(additionalStaticJs[pathname]);\n    return;\n  }\n\n  if (!_.has(staticFiles, pathname)) {\n    next();\n    return;\n  }\n\n  // We don't need to call pause because, unlike 'static', once we call into\n  // 'send' and yield to the event loop, we never call another handler with\n  // 'next'.\n\n  var info = staticFiles[pathname];\n\n  // Cacheable files are files that should never change. Typically\n  // named by their hash (eg meteor bundled js and css files).\n  // We cache them ~forever (1yr).\n  var maxAge = info.cacheable ? 1000 * 60 * 60 * 24 * 365 : 0;\n\n  // Set the X-SourceMap header, which current Chrome, FireFox, and Safari\n  // understand.  (The SourceMap header is slightly more spec-correct but FF\n  // doesn't understand it.)\n  //\n  // You may also need to enable source maps in Chrome: open dev tools, click\n  // the gear in the bottom right corner, and select \"enable source maps\".\n  if (info.sourceMapUrl) {\n    res.setHeader('X-SourceMap', __meteor_runtime_config__.ROOT_URL_PATH_PREFIX + info.sourceMapUrl);\n  }\n\n  if (info.type === \"js\") {\n    res.setHeader(\"Content-Type\", \"application/javascript; charset=UTF-8\");\n  } else if (info.type === \"css\") {\n    res.setHeader(\"Content-Type\", \"text/css; charset=UTF-8\");\n  } else if (info.type === \"json\") {\n    res.setHeader(\"Content-Type\", \"application/json; charset=UTF-8\");\n  }\n\n  if (info.hash) {\n    res.setHeader('ETag', '\"' + info.hash + '\"');\n  }\n\n  if (info.content) {\n    res.write(info.content);\n    res.end();\n  } else {\n    send(req, info.absolutePath, {\n      maxage: maxAge,\n      dotfiles: 'allow', // if we specified a dotfile in the manifest, serve it\n      lastModified: false // don't set last-modified based on the file date\n    }).on('error', function (err) {\n      Log.error(\"Error serving static file \" + err);\n      res.writeHead(500);\n      res.end();\n    }).on('directory', function () {\n      Log.error(\"Unexpected directory \" + info.absolutePath);\n      res.writeHead(500);\n      res.end();\n    }).pipe(res);\n  }\n};\n\nvar getUrlPrefixForArch = function getUrlPrefixForArch(arch) {\n  // XXX we rely on the fact that arch names don't contain slashes\n  // in that case we would need to uri escape it\n\n  // We add '__' to the beginning of non-standard archs to \"scope\" the url\n  // to Meteor internals.\n  return arch === WebApp.defaultArch ? '' : '/' + '__' + arch.replace(/^web\\./, '');\n};\n\n// parse port to see if its a Windows Server style named pipe. If so, return as-is (String), otherwise return as Int\nWebAppInternals.parsePort = function (port) {\n  if (/\\\\\\\\?.+\\\\pipe\\\\?.+/.test(port)) {\n    return port;\n  }\n\n  return parseInt(port);\n};\n\nvar runWebAppServer = function runWebAppServer() {\n  var shuttingDown = false;\n  var syncQueue = new Meteor._SynchronousQueue();\n\n  var getItemPathname = function getItemPathname(itemUrl) {\n    return decodeURIComponent(url.parse(itemUrl).pathname);\n  };\n\n  WebAppInternals.reloadClientPrograms = function () {\n    syncQueue.runTask(function () {\n      staticFiles = {};\n      var generateClientProgram = function generateClientProgram(clientPath, arch) {\n        // read the control for the client we'll be serving up\n        var clientJsonPath = path.join(__meteor_bootstrap__.serverDir, clientPath);\n        var clientDir = path.dirname(clientJsonPath);\n        var clientJson = JSON.parse(readUtf8FileSync(clientJsonPath));\n        if (clientJson.format !== \"web-program-pre1\") throw new Error(\"Unsupported format for client assets: \" + JSON.stringify(clientJson.format));\n\n        if (!clientJsonPath || !clientDir || !clientJson) throw new Error(\"Client config file not parsed.\");\n\n        var urlPrefix = getUrlPrefixForArch(arch);\n\n        var manifest = clientJson.manifest;\n        _.each(manifest, function (item) {\n          if (item.url && item.where === \"client\") {\n            staticFiles[urlPrefix + getItemPathname(item.url)] = {\n              absolutePath: path.join(clientDir, item.path),\n              cacheable: item.cacheable,\n              hash: item.hash,\n              // Link from source to its map\n              sourceMapUrl: item.sourceMapUrl,\n              type: item.type\n            };\n\n            if (item.sourceMap) {\n              // Serve the source map too, under the specified URL. We assume all\n              // source maps are cacheable.\n              staticFiles[urlPrefix + getItemPathname(item.sourceMapUrl)] = {\n                absolutePath: path.join(clientDir, item.sourceMap),\n                cacheable: true\n              };\n            }\n          }\n        });\n\n        var program = {\n          format: \"web-program-pre1\",\n          manifest: manifest,\n          version: WebAppHashing.calculateClientHash(manifest, null, _.pick(__meteor_runtime_config__, 'PUBLIC_SETTINGS')),\n          cordovaCompatibilityVersions: clientJson.cordovaCompatibilityVersions,\n          PUBLIC_SETTINGS: __meteor_runtime_config__.PUBLIC_SETTINGS\n        };\n\n        WebApp.clientPrograms[arch] = program;\n\n        // Serve the program as a string at /foo/<arch>/manifest.json\n        // XXX change manifest.json -> program.json\n        staticFiles[urlPrefix + getItemPathname('/manifest.json')] = {\n          content: JSON.stringify(program),\n          cacheable: false,\n          hash: program.version,\n          type: \"json\"\n        };\n      };\n\n      try {\n        var clientPaths = __meteor_bootstrap__.configJson.clientPaths;\n        _.each(clientPaths, function (clientPath, arch) {\n          archPath[arch] = path.dirname(clientPath);\n          generateClientProgram(clientPath, arch);\n        });\n\n        // Exported for tests.\n        WebAppInternals.staticFiles = staticFiles;\n      } catch (e) {\n        Log.error(\"Error reloading the client program: \" + e.stack);\n        process.exit(1);\n      }\n    });\n  };\n\n  WebAppInternals.generateBoilerplate = function () {\n    // This boilerplate will be served to the mobile devices when used with\n    // Meteor/Cordova for the Hot-Code Push and since the file will be served by\n    // the device's server, it is important to set the DDP url to the actual\n    // Meteor server accepting DDP connections and not the device's file server.\n    var defaultOptionsForArch = {\n      'web.cordova': {\n        runtimeConfigOverrides: {\n          // XXX We use absoluteUrl() here so that we serve https://\n          // URLs to cordova clients if force-ssl is in use. If we were\n          // to use __meteor_runtime_config__.ROOT_URL instead of\n          // absoluteUrl(), then Cordova clients would immediately get a\n          // HCP setting their DDP_DEFAULT_CONNECTION_URL to\n          // http://example.meteor.com. This breaks the app, because\n          // force-ssl doesn't serve CORS headers on 302\n          // redirects. (Plus it's undesirable to have clients\n          // connecting to http://example.meteor.com when force-ssl is\n          // in use.)\n          DDP_DEFAULT_CONNECTION_URL: process.env.MOBILE_DDP_URL || Meteor.absoluteUrl(),\n          ROOT_URL: process.env.MOBILE_ROOT_URL || Meteor.absoluteUrl()\n        }\n      }\n    };\n\n    syncQueue.runTask(function () {\n      _.each(WebApp.clientPrograms, function (program, archName) {\n        boilerplateByArch[archName] = WebAppInternals.generateBoilerplateInstance(archName, program.manifest, defaultOptionsForArch[archName]);\n      });\n\n      // Clear the memoized boilerplate cache.\n      memoizedBoilerplate = {};\n\n      // Configure CSS injection for the default arch\n      // XXX implement the CSS injection for all archs?\n      WebAppInternals.refreshableAssets = {\n        allCss: boilerplateByArch[WebApp.defaultArch].baseData.css\n      };\n    });\n  };\n\n  WebAppInternals.reloadClientPrograms();\n\n  // webserver\n  var app = connect();\n\n  // Auto-compress any json, javascript, or text.\n  app.use(connect.compress());\n\n  // Packages and apps can add handlers that run before any other Meteor\n  // handlers via WebApp.rawConnectHandlers.\n  var rawConnectHandlers = connect();\n  app.use(rawConnectHandlers);\n\n  // We're not a proxy; reject (without crashing) attempts to treat us like\n  // one. (See #1212.)\n  app.use(function (req, res, next) {\n    if (RoutePolicy.isValidUrl(req.url)) {\n      next();\n      return;\n    }\n    res.writeHead(400);\n    res.write(\"Not a proxy\");\n    res.end();\n  });\n\n  // Strip off the path prefix, if it exists.\n  app.use(function (request, response, next) {\n    var pathPrefix = __meteor_runtime_config__.ROOT_URL_PATH_PREFIX;\n    var url = Npm.require('url').parse(request.url);\n    var pathname = url.pathname;\n    // check if the path in the url starts with the path prefix (and the part\n    // after the path prefix must start with a / if it exists.)\n    if (pathPrefix && pathname.substring(0, pathPrefix.length) === pathPrefix && (pathname.length == pathPrefix.length || pathname.substring(pathPrefix.length, pathPrefix.length + 1) === \"/\")) {\n      request.url = request.url.substring(pathPrefix.length);\n      next();\n    } else if (pathname === \"/favicon.ico\" || pathname === \"/robots.txt\") {\n      next();\n    } else if (pathPrefix) {\n      response.writeHead(404);\n      response.write(\"Unknown path\");\n      response.end();\n    } else {\n      next();\n    }\n  });\n\n  // Parse the query string into res.query. Used by oauth_server, but it's\n  // generally pretty handy..\n  app.use(connect.query());\n\n  // Serve static files from the manifest.\n  // This is inspired by the 'static' middleware.\n  app.use(function (req, res, next) {\n    Fiber(function () {\n      WebAppInternals.staticFilesMiddleware(staticFiles, req, res, next);\n    }).run();\n  });\n\n  // Packages and apps can add handlers to this via WebApp.connectHandlers.\n  // They are inserted before our default handler.\n  var packageAndAppHandlers = connect();\n  app.use(packageAndAppHandlers);\n\n  var _suppressConnectErrors = false;\n  // connect knows it is an error handler because it has 4 arguments instead of\n  // 3. go figure.  (It is not smart enough to find such a thing if it's hidden\n  // inside packageAndAppHandlers.)\n  app.use(function (err, req, res, next) {\n    if (!err || !_suppressConnectErrors || !req.headers['x-suppress-error']) {\n      next(err);\n      return;\n    }\n    res.writeHead(err.status, { 'Content-Type': 'text/plain' });\n    res.end(\"An error message\");\n  });\n\n  app.use(function (req, res, next) {\n    Fiber(function () {\n      if (!appUrl(req.url)) return next();\n\n      var headers = {\n        'Content-Type': 'text/html; charset=utf-8'\n      };\n      if (shuttingDown) headers['Connection'] = 'Close';\n\n      var request = WebApp.categorizeRequest(req);\n\n      if (request.url.query && request.url.query['meteor_css_resource']) {\n        // In this case, we're requesting a CSS resource in the meteor-specific\n        // way, but we don't have it.  Serve a static css file that indicates that\n        // we didn't have it, so we can detect that and refresh.  Make sure\n        // that any proxies or CDNs don't cache this error!  (Normally proxies\n        // or CDNs are smart enough not to cache error pages, but in order to\n        // make this hack work, we need to return the CSS file as a 200, which\n        // would otherwise be cached.)\n        headers['Content-Type'] = 'text/css; charset=utf-8';\n        headers['Cache-Control'] = 'no-cache';\n        res.writeHead(200, headers);\n        res.write(\".meteor-css-not-found-error { width: 0px;}\");\n        res.end();\n        return undefined;\n      }\n\n      if (request.url.query && request.url.query['meteor_js_resource']) {\n        // Similarly, we're requesting a JS resource that we don't have.\n        // Serve an uncached 404. (We can't use the same hack we use for CSS,\n        // because actually acting on that hack requires us to have the JS\n        // already!)\n        headers['Cache-Control'] = 'no-cache';\n        res.writeHead(404, headers);\n        res.end(\"404 Not Found\");\n        return undefined;\n      }\n\n      if (request.url.query && request.url.query['meteor_dont_serve_index']) {\n        // When downloading files during a Cordova hot code push, we need\n        // to detect if a file is not available instead of inadvertently\n        // downloading the default index page.\n        // So similar to the situation above, we serve an uncached 404.\n        headers['Cache-Control'] = 'no-cache';\n        res.writeHead(404, headers);\n        res.end(\"404 Not Found\");\n        return undefined;\n      }\n\n      // /packages/asdfsad ... /__cordova/dafsdf.js\n      var pathname = parseurl(req).pathname;\n      var archKey = pathname.split('/')[1];\n      var archKeyCleaned = 'web.' + archKey.replace(/^__/, '');\n\n      if (!/^__/.test(archKey) || !_.has(archPath, archKeyCleaned)) {\n        archKey = WebApp.defaultArch;\n      } else {\n        archKey = archKeyCleaned;\n      }\n\n      var boilerplate;\n      try {\n        boilerplate = getBoilerplate(request, archKey);\n      } catch (e) {\n        Log.error(\"Error running template: \" + e.stack);\n        res.writeHead(500, headers);\n        res.end();\n        return undefined;\n      }\n\n      var statusCode = res.statusCode ? res.statusCode : 200;\n      res.writeHead(statusCode, headers);\n      res.write(boilerplate);\n      res.end();\n      return undefined;\n    }).run();\n  });\n\n  // Return 404 by default, if no other handlers serve this URL.\n  app.use(function (req, res) {\n    res.writeHead(404);\n    res.end();\n  });\n\n  var httpServer = http.createServer(app);\n  var onListeningCallbacks = [];\n\n  // After 5 seconds w/o data on a socket, kill it.  On the other hand, if\n  // there's an outstanding request, give it a higher timeout instead (to avoid\n  // killing long-polling requests)\n  httpServer.setTimeout(SHORT_SOCKET_TIMEOUT);\n\n  // Do this here, and then also in livedata/stream_server.js, because\n  // stream_server.js kills all the current request handlers when installing its\n  // own.\n  httpServer.on('request', WebApp._timeoutAdjustmentRequestCallback);\n\n  // start up app\n  _.extend(WebApp, {\n    connectHandlers: packageAndAppHandlers,\n    rawConnectHandlers: rawConnectHandlers,\n    httpServer: httpServer,\n    // For testing.\n    suppressConnectErrors: function () {\n      function suppressConnectErrors() {\n        _suppressConnectErrors = true;\n      }\n\n      return suppressConnectErrors;\n    }(),\n    onListening: function () {\n      function onListening(f) {\n        if (onListeningCallbacks) onListeningCallbacks.push(f);else f();\n      }\n\n      return onListening;\n    }()\n  });\n\n  // Let the rest of the packages (and Meteor.startup hooks) insert connect\n  // middlewares and update __meteor_runtime_config__, then keep going to set up\n  // actually serving HTML.\n  main = function main(argv) {\n    WebAppInternals.generateBoilerplate();\n\n    // only start listening after all the startup code has run.\n    var localPort = WebAppInternals.parsePort(process.env.PORT) || 0;\n    var host = process.env.BIND_IP;\n    var localIp = host || '0.0.0.0';\n    httpServer.listen(localPort, localIp, Meteor.bindEnvironment(function () {\n      if (process.env.METEOR_PRINT_ON_LISTEN) console.log(\"LISTENING\"); // must match run-app.js\n\n      var callbacks = onListeningCallbacks;\n      onListeningCallbacks = null;\n      _.each(callbacks, function (x) {\n        x();\n      });\n    }, function (e) {\n      console.error(\"Error listening:\", e);\n      console.error(e && e.stack);\n    }));\n\n    return 'DAEMON';\n  };\n};\n\nrunWebAppServer();\n\nvar inlineScriptsAllowed = true;\n\nWebAppInternals.inlineScriptsAllowed = function () {\n  return inlineScriptsAllowed;\n};\n\nWebAppInternals.setInlineScriptsAllowed = function (value) {\n  inlineScriptsAllowed = value;\n  WebAppInternals.generateBoilerplate();\n};\n\nWebAppInternals.setBundledJsCssUrlRewriteHook = function (hookFn) {\n  bundledJsCssUrlRewriteHook = hookFn;\n  WebAppInternals.generateBoilerplate();\n};\n\nWebAppInternals.setBundledJsCssPrefix = function (prefix) {\n  var self = this;\n  self.setBundledJsCssUrlRewriteHook(function (url) {\n    return prefix + url;\n  });\n};\n\n// Packages can call `WebAppInternals.addStaticJs` to specify static\n// JavaScript to be included in the app. This static JS will be inlined,\n// unless inline scripts have been disabled, in which case it will be\n// served under `/<sha1 of contents>`.\nvar additionalStaticJs = {};\nWebAppInternals.addStaticJs = function (contents) {\n  additionalStaticJs[\"/\" + sha1(contents) + \".js\"] = contents;\n};\n\n// Exported for tests\nWebAppInternals.getBoilerplate = getBoilerplate;\nWebAppInternals.additionalStaticJs = additionalStaticJs;","ast":null,"map":{"version":3,"sources":["/packages/webapp/webapp_server.js"],"names":[],"mappings":";;;;;;;;AAEA,IAAI,KAAK,IAAI,OAAJ,CAAY,IAAZ,CAAL;AACJ,IAAI,OAAO,IAAI,OAAJ,CAAY,MAAZ,CAAP;AACJ,IAAI,KAAK,IAAI,OAAJ,CAAY,IAAZ,CAAL;AACJ,IAAI,OAAO,IAAI,OAAJ,CAAY,MAAZ,CAAP;AACJ,IAAI,MAAM,IAAI,OAAJ,CAAY,KAAZ,CAAN;AACJ,IAAI,SAAS,IAAI,OAAJ,CAAY,QAAZ,CAAT;;AAEJ,IAAI,UAAU,IAAI,OAAJ,CAAY,SAAZ,CAAV;AACJ,IAAI,WAAW,IAAI,OAAJ,CAAY,UAAZ,CAAX;AACJ,IAAI,YAAY,IAAI,OAAJ,CAAY,WAAZ,CAAZ;AACJ,IAAI,OAAO,IAAI,OAAJ,CAAY,MAAZ,CAAP;;AAEJ,IAAI,SAAS,IAAI,OAAJ,CAAY,eAAZ,CAAT;AACJ,IAAI,QAAQ,IAAI,OAAJ,CAAY,QAAZ,CAAR;;AAEJ,IAAI,uBAAuB,IAAE,IAAF;AAC3B,IAAI,sBAAsB,MAAI,IAAJ;;AAE1B,SAAS,EAAT;AACA,kBAAkB,EAAlB;;AAEA,gBAAgB,UAAhB,GAA6B;AAC3B,WAAS;AACP,aAAS,IAAI,OAAJ,CAAY,sBAAZ,EAAoC,OAApC;AACT,YAAQ,OAAR;GAFF;CADF;;AAOA,OAAO,WAAP,GAAqB,aAArB;;;AAGA,OAAO,cAAP,GAAwB,EAAxB;;;AAGA,IAAI,WAAW,EAAX;;AAEJ,IAAI,0BAAJ;;AAEA,IAAI,OAAO,SAAP,IAAO,CAAU,QAAV,EAAoB;AAC7B,MAAI,OAAO,OAAO,UAAP,CAAkB,MAAlB,CAAP,CADyB;AAE7B,OAAK,MAAL,CAAY,QAAZ,EAF6B;AAG7B,SAAO,KAAK,MAAL,CAAY,KAAZ,CAAP,CAH6B;CAApB;;AAMX,IAAI,mBAAmB,SAAnB,gBAAmB,CAAU,QAAV,EAAoB;AACzC,SAAO,OAAO,SAAP,CAAiB,GAAG,QAAH,CAAjB,CAA8B,QAA9B,EAAwC,MAAxC,CAAP,CADyC;CAApB;;;;;;;;;;;;;;;;;;;;;;;;;;;;;;;;;;;;;AAwCvB,IAAI,YAAY,SAAZ,SAAY,CAAU,IAAV,EAAgB;AAC9B,MAAI,QAAQ,KAAK,KAAL,CAAW,GAAX,CAAR,CAD0B;AAE9B,QAAM,CAAN,IAAW,MAAM,CAAN,EAAS,WAAT,EAAX,CAF8B;AAG9B,OAAK,IAAI,IAAI,CAAJ,EAAQ,IAAI,MAAM,MAAN,EAAe,EAAE,CAAF,EAAK;AACvC,UAAM,CAAN,IAAW,MAAM,CAAN,EAAS,MAAT,CAAgB,CAAhB,EAAmB,WAAnB,KAAmC,MAAM,CAAN,EAAS,MAAT,CAAgB,CAAhB,CAAnC,CAD4B;GAAzC;AAGA,SAAO,MAAM,IAAN,CAAW,EAAX,CAAP,CAN8B;CAAhB;;AAShB,IAAI,kBAAkB,SAAlB,eAAkB,CAAU,eAAV,EAA2B;AAC/C,MAAI,YAAY,UAAU,MAAV,CAAiB,eAAjB,CAAZ,CAD2C;AAE/C,SAAO;AACL,UAAM,UAAU,UAAU,MAAV,CAAhB;AACA,WAAO,CAAC,UAAU,KAAV;AACR,WAAO,CAAC,UAAU,KAAV;AACR,WAAO,CAAC,UAAU,KAAV;GAJV,CAF+C;CAA3B;;;AAWtB,gBAAgB,eAAhB,GAAkC,eAAlC;;AAEA,OAAO,iBAAP,GAA2B,UAAU,GAAV,EAAe;AACxC,SAAO,EAAE,MAAF,CAAS;AACd,aAAS,gBAAgB,IAAI,OAAJ,CAAY,YAAZ,CAAhB,CAAT;AACA,SAAK,IAAI,KAAJ,CAAU,IAAI,GAAJ,EAAS,IAAnB,CAAL;GAFK,EAGJ,EAAE,IAAF,CAAO,GAAP,EAAY,aAAZ,EAA2B,aAA3B,CAHI,CAAP,CADwC;CAAf;;;;;AAU3B,IAAI,qBAAqB,EAArB;AACJ,IAAI,oBAAoB,SAApB,iBAAoB,CAAU,OAAV,EAAmB;AACzC,MAAI,qBAAsB,EAAtB,CADqC;AAEzC,IAAE,IAAF,CAAO,sBAAsB,EAAtB,EAA0B,UAAU,IAAV,EAAgB;AAC/C,QAAI,aAAa,KAAK,OAAL,CAAb,CAD2C;AAE/C,QAAI,eAAe,IAAf,EACF,OADF;AAEA,QAAI,QAAO,gFAAP,KAAsB,QAAtB,EACF,MAAM,MAAM,gDAAN,CAAN,CADF;AAEA,MAAE,MAAF,CAAS,kBAAT,EAA6B,UAA7B,EAN+C;GAAhB,CAAjC,CAFyC;AAUzC,SAAO,kBAAP,CAVyC;CAAnB;AAYxB,OAAO,oBAAP,GAA8B,UAAU,IAAV,EAAgB;AAC5C,qBAAmB,IAAnB,CAAwB,IAAxB,EAD4C;CAAhB;;;AAK9B,IAAI,SAAS,SAAT,MAAS,CAAU,GAAV,EAAe;AAC1B,MAAI,QAAQ,cAAR,IAA0B,QAAQ,aAAR,EAC5B,OAAO,KAAP,CADF;;;;;;;;AAD0B,MAUtB,QAAQ,eAAR,EACF,OAAO,KAAP,CADF;;;AAV0B,MActB,YAAY,QAAZ,CAAqB,GAArB,CAAJ,EACE,OAAO,KAAP,CADF;;;AAd0B,SAkBnB,IAAP,CAlB0B;CAAf;;;;;;;;;;;;;;;;;;;AAuCb,OAAO,OAAP,CAAe,YAAY;AACzB,MAAI,sBAAsB,cAAc,mBAAd,CADD;AAEzB,SAAO,UAAP,GAAoB,UAAU,QAAV,EAAoB;AACtC,eAAW,YAAY,OAAO,WAAP,CADe;AAEtC,WAAO,oBAAoB,OAAO,cAAP,CAAsB,QAAtB,EAAgC,QAAhC,CAA3B,CAFsC;GAApB,CAFK;;AAOzB,SAAO,8BAAP,GAAwC,UAAU,QAAV,EAAoB;AAC1D,eAAW,YAAY,OAAO,WAAP,CADmC;AAE1D,WAAO,oBAAoB,OAAO,cAAP,CAAsB,QAAtB,EAAgC,QAAhC,EACzB,UAAU,IAAV,EAAgB;AACd,aAAO,SAAS,KAAT,CADO;KAAhB,CADF,CAF0D;GAApB,CAPf;AAczB,SAAO,iCAAP,GAA2C,UAAU,QAAV,EAAoB;AAC7D,eAAW,YAAY,OAAO,WAAP,CADsC;AAE7D,WAAO,oBAAoB,OAAO,cAAP,CAAsB,QAAtB,EAAgC,QAAhC,EACzB,UAAU,IAAV,EAAgB;AACd,aAAO,SAAS,KAAT,CADO;KAAhB,CADF,CAF6D;GAApB,CAdlB;AAqBzB,SAAO,0BAAP,GAAoC,YAAY;AAC9C,QAAI,WAAW,aAAX,CAD0C;AAE9C,QAAI,CAAE,OAAO,cAAP,CAAsB,QAAtB,CAAF,EACF,OAAO,MAAP,CADF;;AAGA,WAAO,oBACL,OAAO,cAAP,CAAsB,QAAtB,EAAgC,QAAhC,EAA0C,IADrC,EAC2C,EAAE,IAAF,CAC9C,yBAD8C,EACnB,iBADmB,CAD3C,CAAP,CAL8C;GAAZ,CArBX;CAAZ,CAAf;;;;;;;AAuCA,OAAO,iCAAP,GAA2C,UAAU,GAAV,EAAe,GAAf,EAAoB;;AAE7D,MAAI,UAAJ,CAAe,mBAAf;;;AAF6D,MAKzD,kBAAkB,IAAI,SAAJ,CAAc,QAAd,CAAlB;;;AALyD,KAQ7D,CAAI,kBAAJ,CAAuB,QAAvB,EAR6D;AAS7D,MAAI,EAAJ,CAAO,QAAP,EAAiB,YAAY;AAC3B,QAAI,UAAJ,CAAe,oBAAf,EAD2B;GAAZ,CAAjB,CAT6D;AAY7D,IAAE,IAAF,CAAO,eAAP,EAAwB,UAAU,CAAV,EAAa;AAAE,QAAI,EAAJ,CAAO,QAAP,EAAiB,CAAjB,EAAF;GAAb,CAAxB,CAZ6D;CAApB;;;;;;;AAqB3C,IAAI,oBAAoB,EAApB;;;;;;;;;;AAUJ,IAAI,sBAAsB,EAAtB;AACJ,IAAI,iBAAiB,SAAjB,cAAiB,CAAU,OAAV,EAAmB,IAAnB,EAAyB;AAC5C,MAAI,cAAc,EAAG,QAAQ,WAAR,IAAuB,QAAQ,WAAR,CAA1B,CAD0B;AAE5C,MAAI,iBAAiB,kBAAkB,OAAlB,CAAjB,CAFwC;;AAI5C,MAAI,WAAJ,EAAiB;;;;;AAKf,QAAI,UAAU,KAAK,SAAL,CAAe;AAC3B,4BAAsB,oBAAtB;AACA,sBAAgB,cAAhB;AACA,YAAM,IAAN;KAHY,CAAV,CALW;;AAWf,QAAI,CAAE,oBAAoB,OAApB,CAAF,EAAgC;AAClC,0BAAoB,OAApB,IAA+B,kBAAkB,IAAlB,EAAwB,MAAxB,CAA+B;AAC5D,wBAAgB,cAAhB;OAD6B,CAA/B,CADkC;KAApC;AAKA,WAAO,oBAAoB,OAApB,CAAP,CAhBe;GAAjB;;AAmBA,MAAI,qBAAqB,EAAE,MAAF,CAAS;AAChC,oBAAgB,cAAhB;GADuB,EAEtB,EAAE,IAAF,CAAO,OAAP,EAAgB,aAAhB,EAA+B,aAA/B,CAFsB,CAArB,CAvBwC;;AA2B5C,SAAO,kBAAkB,IAAlB,EAAwB,MAAxB,CAA+B,kBAA/B,CAAP,CA3B4C;CAAzB;;AA8BrB,gBAAgB,2BAAhB,GAA8C,UAAU,IAAV,EACU,QADV,EAEU,iBAFV,EAE6B;AACzE,sBAAoB,qBAAqB,EAArB,CADqD;;AAGzE,MAAI,gBAAgB,EAAE,MAAF,CAClB,EAAE,KAAF,CAAQ,yBAAR,CADkB,EAElB,kBAAkB,sBAAlB,IAA4C,EAA5C,CAFE,CAHqE;;AAQzE,MAAI,sBAAsB,8BAA8B,UAAU,GAAV,EAAe;AACrE,QAAI,gBACD,0BAA0B,oBAA1B,IAAkD,EAAlD,CAFkE;AAGrE,WAAO,gBAAgB,GAAhB,CAH8D;GAAf,CARiB;;AAczE,SAAO,IAAI,WAAJ,CAAgB,IAAhB,EAAsB,QAAtB,EACL,EAAE,MAAF,CAAS;AACP;AAAY,0BAAU,QAAV,EAAoB;AAC9B,eAAO,KAAK,IAAL,CAAU,SAAS,IAAT,CAAV,EAA0B,QAA1B,CAAP,CAD8B;OAApB;;;OAAZ;AAEA,uBAAmB;AACjB,0BAAoB,EAAE,GAAF,CAClB,sBAAsB,EAAtB,EACA,UAAU,QAAV,EAAoB,QAApB,EAA8B;AAC5B,eAAO;AACL,oBAAU,QAAV;AACA,oBAAU,QAAV;SAFF,CAD4B;OAA9B,CAFF;;;;;;;AAeA,2BAAqB,KAAK,SAAL,CACnB,mBAAmB,KAAK,SAAL,CAAe,aAAf,CAAnB,CADmB,CAArB;AAEA,yBAAmB,0BAA0B,oBAA1B,IAAkD,EAAlD;AACnB,kCAA4B,mBAA5B;AACA,4BAAsB,gBAAgB,oBAAhB,EAAtB;AACA,cAAQ,kBAAkB,MAAlB;KArBV;GAHF,EA0BG,iBA1BH,CADK,CAAP,CAdyE;CAF7B;;;;;;;;;;;AAwD9C,IAAI,WAAJ;;;;AAIA,gBAAgB,qBAAhB,GAAwC,UAAU,WAAV,EAAuB,GAAvB,EAA4B,GAA5B,EAAiC,IAAjC,EAAuC;AAC7E,MAAI,SAAS,IAAI,MAAJ,IAAc,UAAU,IAAI,MAAJ,IAAc,aAAa,IAAI,MAAJ,EAAY;AAC1E,WAD0E;AAE1E,WAF0E;GAA5E;AAIA,MAAI,WAAW,SAAS,GAAT,EAAc,QAAd,CAL8D;AAM7E,MAAI;AACF,eAAW,mBAAmB,QAAnB,CAAX,CADE;GAAJ,CAEE,OAAO,CAAP,EAAU;AACV,WADU;AAEV,WAFU;GAAV;;AAKF,MAAI,gBAAgB,SAAhB,aAAgB,CAAU,CAAV,EAAa;AAC/B,QAAI,SAAJ,CAAc,GAAd,EAAmB;AACjB,sBAAgB,uCAAhB;KADF,EAD+B;AAI/B,QAAI,KAAJ,CAAU,CAAV,EAJ+B;AAK/B,QAAI,GAAJ,GAL+B;GAAb,CAbyD;;AAqB7E,MAAI,aAAa,2BAAb,IACA,CAAE,gBAAgB,oBAAhB,EAAF,EAA0C;AAC5C,kBAAc,iCACA,KAAK,SAAL,CAAe,yBAAf,CADA,GAC4C,GAD5C,CAAd,CAD4C;AAG5C,WAH4C;GAD9C,MAKO,IAAI,EAAE,GAAF,CAAM,kBAAN,EAA0B,QAA1B,KACC,CAAE,gBAAgB,oBAAhB,EAAF,EAA0C;AACpD,kBAAc,mBAAmB,QAAnB,CAAd,EADoD;AAEpD,WAFoD;GAD/C;;AAMP,MAAI,CAAC,EAAE,GAAF,CAAM,WAAN,EAAmB,QAAnB,CAAD,EAA+B;AACjC,WADiC;AAEjC,WAFiC;GAAnC;;;;;;AAhC6E,MAyCzE,OAAO,YAAY,QAAZ,CAAP;;;;;AAzCyE,MA8CzE,SAAS,KAAK,SAAL,GACL,OAAO,EAAP,GAAY,EAAZ,GAAiB,EAAjB,GAAsB,GAAtB,GACA,CAFK;;;;;;;;AA9CgE,MAwDzE,KAAK,YAAL,EAAmB;AACrB,QAAI,SAAJ,CAAc,aAAd,EACc,0BAA0B,oBAA1B,GACA,KAAK,YAAL,CAFd,CADqB;GAAvB;;AAMA,MAAI,KAAK,IAAL,KAAc,IAAd,EAAoB;AACtB,QAAI,SAAJ,CAAc,cAAd,EAA8B,uCAA9B,EADsB;GAAxB,MAEO,IAAI,KAAK,IAAL,KAAc,KAAd,EAAqB;AAC9B,QAAI,SAAJ,CAAc,cAAd,EAA8B,yBAA9B,EAD8B;GAAzB,MAEA,IAAI,KAAK,IAAL,KAAc,MAAd,EAAsB;AAC/B,QAAI,SAAJ,CAAc,cAAd,EAA8B,iCAA9B,EAD+B;GAA1B;;AAIP,MAAI,KAAK,IAAL,EAAW;AACb,QAAI,SAAJ,CAAc,MAAd,EAAsB,MAAM,KAAK,IAAL,GAAY,GAAlB,CAAtB,CADa;GAAf;;AAIA,MAAI,KAAK,OAAL,EAAc;AAChB,QAAI,KAAJ,CAAU,KAAK,OAAL,CAAV,CADgB;AAEhB,QAAI,GAAJ,GAFgB;GAAlB,MAGO;AACL,SAAK,GAAL,EAAU,KAAK,YAAL,EAAmB;AACzB,cAAQ,MAAR;AACA,gBAAU,OAAV;AACA,oBAAc,KAAd;AAHyB,KAA7B,EAIK,EAJL,CAIQ,OAJR,EAIiB,UAAU,GAAV,EAAe;AAC5B,UAAI,KAAJ,CAAU,+BAA+B,GAA/B,CAAV,CAD4B;AAE5B,UAAI,SAAJ,CAAc,GAAd,EAF4B;AAG5B,UAAI,GAAJ,GAH4B;KAAf,CAJjB,CASG,EATH,CASM,WATN,EASmB,YAAY;AAC3B,UAAI,KAAJ,CAAU,0BAA0B,KAAK,YAAL,CAApC,CAD2B;AAE3B,UAAI,SAAJ,CAAc,GAAd,EAF2B;AAG3B,UAAI,GAAJ,GAH2B;KAAZ,CATnB,CAcG,IAdH,CAcQ,GAdR,EADK;GAHP;CA1EsC;;AAgGxC,IAAI,sBAAsB,SAAtB,mBAAsB,CAAU,IAAV,EAAgB;;;;;;AAMxC,SAAO,SAAS,OAAO,WAAP,GACd,EADK,GACA,MAAM,IAAN,GAAa,KAAK,OAAL,CAAa,QAAb,EAAuB,EAAvB,CAAb,CAPiC;CAAhB;;;AAW1B,gBAAgB,SAAhB,GAA4B,UAAU,IAAV,EAAgB;AAC1C,MAAI,qBAAqB,IAArB,CAA0B,IAA1B,CAAJ,EAAsC;AACpC,WAAO,IAAP,CADoC;GAAtC;;AAIA,SAAO,SAAS,IAAT,CAAP,CAL0C;CAAhB;;AAQ5B,IAAI,kBAAkB,SAAlB,eAAkB,GAAY;AAChC,MAAI,eAAe,KAAf,CAD4B;AAEhC,MAAI,YAAY,IAAI,OAAO,iBAAP,EAAhB,CAF4B;;AAIhC,MAAI,kBAAkB,SAAlB,eAAkB,CAAU,OAAV,EAAmB;AACvC,WAAO,mBAAmB,IAAI,KAAJ,CAAU,OAAV,EAAmB,QAAnB,CAA1B,CADuC;GAAnB,CAJU;;AAQhC,kBAAgB,oBAAhB,GAAuC,YAAY;AACjD,cAAU,OAAV,CAAkB,YAAW;AAC3B,oBAAc,EAAd,CAD2B;AAE3B,UAAI,wBAAwB,SAAxB,qBAAwB,CAAU,UAAV,EAAsB,IAAtB,EAA4B;;AAEtD,YAAI,iBAAiB,KAAK,IAAL,CAAU,qBAAqB,SAArB,EACJ,UADN,CAAjB,CAFkD;AAItD,YAAI,YAAY,KAAK,OAAL,CAAa,cAAb,CAAZ,CAJkD;AAKtD,YAAI,aAAa,KAAK,KAAL,CAAW,iBAAiB,cAAjB,CAAX,CAAb,CALkD;AAMtD,YAAI,WAAW,MAAX,KAAsB,kBAAtB,EACF,MAAM,IAAI,KAAJ,CAAU,2CACA,KAAK,SAAL,CAAe,WAAW,MAAX,CADf,CAAhB,CADF;;AAIA,YAAI,CAAE,cAAF,IAAoB,CAAE,SAAF,IAAe,CAAE,UAAF,EACrC,MAAM,IAAI,KAAJ,CAAU,gCAAV,CAAN,CADF;;AAGA,YAAI,YAAY,oBAAoB,IAApB,CAAZ,CAbkD;;AAetD,YAAI,WAAW,WAAW,QAAX,CAfuC;AAgBtD,UAAE,IAAF,CAAO,QAAP,EAAiB,UAAU,IAAV,EAAgB;AAC/B,cAAI,KAAK,GAAL,IAAY,KAAK,KAAL,KAAe,QAAf,EAAyB;AACvC,wBAAY,YAAY,gBAAgB,KAAK,GAAL,CAA5B,CAAZ,GAAqD;AACnD,4BAAc,KAAK,IAAL,CAAU,SAAV,EAAqB,KAAK,IAAL,CAAnC;AACA,yBAAW,KAAK,SAAL;AACX,oBAAM,KAAK,IAAL;;AAEN,4BAAc,KAAK,YAAL;AACd,oBAAM,KAAK,IAAL;aANR,CADuC;;AAUvC,gBAAI,KAAK,SAAL,EAAgB;;;AAGlB,0BAAY,YAAY,gBAAgB,KAAK,YAAL,CAA5B,CAAZ,GAA8D;AAC5D,8BAAc,KAAK,IAAL,CAAU,SAAV,EAAqB,KAAK,SAAL,CAAnC;AACA,2BAAW,IAAX;eAFF,CAHkB;aAApB;WAVF;SADe,CAAjB,CAhBsD;;AAsCtD,YAAI,UAAU;AACZ,kBAAQ,kBAAR;AACA,oBAAU,QAAV;AACA,mBAAS,cAAc,mBAAd,CAAkC,QAAlC,EAA4C,IAA5C,EAAkD,EAAE,IAAF,CACzD,yBADyD,EAC9B,iBAD8B,CAAlD,CAAT;AAEA,wCAA8B,WAAW,4BAAX;AAC9B,2BAAiB,0BAA0B,eAA1B;SANf,CAtCkD;;AA+CtD,eAAO,cAAP,CAAsB,IAAtB,IAA8B,OAA9B;;;;AA/CsD,mBAmDtD,CAAY,YAAY,gBAAgB,gBAAhB,CAAZ,CAAZ,GAA6D;AAC3D,mBAAS,KAAK,SAAL,CAAe,OAAf,CAAT;AACA,qBAAW,KAAX;AACA,gBAAM,QAAQ,OAAR;AACN,gBAAM,MAAN;SAJF,CAnDsD;OAA5B,CAFD;;AA6D3B,UAAI;AACF,YAAI,cAAc,qBAAqB,UAArB,CAAgC,WAAhC,CADhB;AAEF,UAAE,IAAF,CAAO,WAAP,EAAoB,UAAU,UAAV,EAAsB,IAAtB,EAA4B;AAC9C,mBAAS,IAAT,IAAiB,KAAK,OAAL,CAAa,UAAb,CAAjB,CAD8C;AAE9C,gCAAsB,UAAtB,EAAkC,IAAlC,EAF8C;SAA5B,CAApB;;;AAFE,uBAQF,CAAgB,WAAhB,GAA8B,WAA9B,CARE;OAAJ,CASE,OAAO,CAAP,EAAU;AACV,YAAI,KAAJ,CAAU,yCAAyC,EAAE,KAAF,CAAnD,CADU;AAEV,gBAAQ,IAAR,CAAa,CAAb,EAFU;OAAV;KAtEc,CAAlB,CADiD;GAAZ,CARP;;AAsFhC,kBAAgB,mBAAhB,GAAsC,YAAY;;;;;AAKhD,QAAI,wBAAwB;AAC1B,qBAAe;AACb,gCAAwB;;;;;;;;;;;AAWtB,sCAA4B,QAAQ,GAAR,CAAY,cAAZ,IAC1B,OAAO,WAAP,EAD0B;AAE5B,oBAAU,QAAQ,GAAR,CAAY,eAAZ,IACR,OAAO,WAAP,EADQ;SAbZ;OADF;KADE,CAL4C;;AA0BhD,cAAU,OAAV,CAAkB,YAAW;AAC3B,QAAE,IAAF,CAAO,OAAO,cAAP,EAAuB,UAAU,OAAV,EAAmB,QAAnB,EAA6B;AACzD,0BAAkB,QAAlB,IACE,gBAAgB,2BAAhB,CACE,QADF,EACY,QAAQ,QAAR,EACV,sBAAsB,QAAtB,CAFF,CADF,CADyD;OAA7B,CAA9B;;;AAD2B,yBAS3B,GAAsB,EAAtB;;;;AAT2B,qBAa3B,CAAgB,iBAAhB,GAAoC;AAClC,gBAAQ,kBAAkB,OAAO,WAAP,CAAlB,CAAsC,QAAtC,CAA+C,GAA/C;OADV,CAb2B;KAAX,CAAlB,CA1BgD;GAAZ,CAtFN;;AAmIhC,kBAAgB,oBAAhB;;;AAnIgC,MAsI5B,MAAM,SAAN;;;AAtI4B,KAyIhC,CAAI,GAAJ,CAAQ,QAAQ,QAAR,EAAR;;;;AAzIgC,MA6I5B,qBAAqB,SAArB,CA7I4B;AA8IhC,MAAI,GAAJ,CAAQ,kBAAR;;;;AA9IgC,KAkJhC,CAAI,GAAJ,CAAQ,UAAS,GAAT,EAAc,GAAd,EAAmB,IAAnB,EAAyB;AAC/B,QAAI,YAAY,UAAZ,CAAuB,IAAI,GAAJ,CAA3B,EAAqC;AACnC,aADmC;AAEnC,aAFmC;KAArC;AAIA,QAAI,SAAJ,CAAc,GAAd,EAL+B;AAM/B,QAAI,KAAJ,CAAU,aAAV,EAN+B;AAO/B,QAAI,GAAJ,GAP+B;GAAzB,CAAR;;;AAlJgC,KA6JhC,CAAI,GAAJ,CAAQ,UAAU,OAAV,EAAmB,QAAnB,EAA6B,IAA7B,EAAmC;AACzC,QAAI,aAAa,0BAA0B,oBAA1B,CADwB;AAEzC,QAAI,MAAM,IAAI,OAAJ,CAAY,KAAZ,EAAmB,KAAnB,CAAyB,QAAQ,GAAR,CAA/B,CAFqC;AAGzC,QAAI,WAAW,IAAI,QAAJ;;;AAH0B,QAMrC,cAAc,SAAS,SAAT,CAAmB,CAAnB,EAAsB,WAAW,MAAX,CAAtB,KAA6C,UAA7C,KACd,SAAS,MAAT,IAAmB,WAAW,MAAX,IAChB,SAAS,SAAT,CAAmB,WAAW,MAAX,EAAmB,WAAW,MAAX,GAAoB,CAApB,CAAtC,KAAiE,GAAjE,CAFH,EAE0E;AAC5E,cAAQ,GAAR,GAAc,QAAQ,GAAR,CAAY,SAAZ,CAAsB,WAAW,MAAX,CAApC,CAD4E;AAE5E,aAF4E;KAF9E,MAKO,IAAI,aAAa,cAAb,IAA+B,aAAa,aAAb,EAA4B;AACpE,aADoE;KAA/D,MAEA,IAAI,UAAJ,EAAgB;AACrB,eAAS,SAAT,CAAmB,GAAnB,EADqB;AAErB,eAAS,KAAT,CAAe,cAAf,EAFqB;AAGrB,eAAS,GAAT,GAHqB;KAAhB,MAIA;AACL,aADK;KAJA;GAbD,CAAR;;;;AA7JgC,KAqLhC,CAAI,GAAJ,CAAQ,QAAQ,KAAR,EAAR;;;;AArLgC,KAyLhC,CAAI,GAAJ,CAAQ,UAAU,GAAV,EAAe,GAAf,EAAoB,IAApB,EAA0B;AAChC,UAAM,YAAY;AACjB,sBAAgB,qBAAhB,CAAsC,WAAtC,EAAmD,GAAnD,EAAwD,GAAxD,EAA6D,IAA7D,EADiB;KAAZ,CAAN,CAEG,GAFH,GADgC;GAA1B,CAAR;;;;AAzLgC,MAiM5B,wBAAwB,SAAxB,CAjM4B;AAkMhC,MAAI,GAAJ,CAAQ,qBAAR,EAlMgC;;AAoMhC,MAAI,yBAAwB,KAAxB;;;;AApM4B,KAwMhC,CAAI,GAAJ,CAAQ,UAAU,GAAV,EAAe,GAAf,EAAoB,GAApB,EAAyB,IAAzB,EAA+B;AACrC,QAAI,CAAC,GAAD,IAAQ,CAAC,sBAAD,IAA0B,CAAC,IAAI,OAAJ,CAAY,kBAAZ,CAAD,EAAkC;AACtE,WAAK,GAAL,EADsE;AAEtE,aAFsE;KAAxE;AAIA,QAAI,SAAJ,CAAc,IAAI,MAAJ,EAAY,EAAE,gBAAgB,YAAhB,EAA5B,EALqC;AAMrC,QAAI,GAAJ,CAAQ,kBAAR,EANqC;GAA/B,CAAR,CAxMgC;;AAiNhC,MAAI,GAAJ,CAAQ,UAAU,GAAV,EAAe,GAAf,EAAoB,IAApB,EAA0B;AAChC,UAAM,YAAY;AAChB,UAAI,CAAC,OAAO,IAAI,GAAJ,CAAR,EACF,OAAO,MAAP,CADF;;AAGA,UAAI,UAAU;AACZ,wBAAgB,0BAAhB;OADE,CAJY;AAOhB,UAAI,YAAJ,EACE,QAAQ,YAAR,IAAwB,OAAxB,CADF;;AAGA,UAAI,UAAU,OAAO,iBAAP,CAAyB,GAAzB,CAAV,CAVY;;AAYhB,UAAI,QAAQ,GAAR,CAAY,KAAZ,IAAqB,QAAQ,GAAR,CAAY,KAAZ,CAAkB,qBAAlB,CAArB,EAA+D;;;;;;;;AAQjE,gBAAQ,cAAR,IAA0B,yBAA1B,CARiE;AASjE,gBAAQ,eAAR,IAA2B,UAA3B,CATiE;AAUjE,YAAI,SAAJ,CAAc,GAAd,EAAmB,OAAnB,EAViE;AAWjE,YAAI,KAAJ,CAAU,4CAAV,EAXiE;AAYjE,YAAI,GAAJ,GAZiE;AAajE,eAAO,SAAP,CAbiE;OAAnE;;AAgBA,UAAI,QAAQ,GAAR,CAAY,KAAZ,IAAqB,QAAQ,GAAR,CAAY,KAAZ,CAAkB,oBAAlB,CAArB,EAA8D;;;;;AAKhE,gBAAQ,eAAR,IAA2B,UAA3B,CALgE;AAMhE,YAAI,SAAJ,CAAc,GAAd,EAAmB,OAAnB,EANgE;AAOhE,YAAI,GAAJ,CAAQ,eAAR,EAPgE;AAQhE,eAAO,SAAP,CARgE;OAAlE;;AAWA,UAAI,QAAQ,GAAR,CAAY,KAAZ,IAAqB,QAAQ,GAAR,CAAY,KAAZ,CAAkB,yBAAlB,CAArB,EAAmE;;;;;AAKrE,gBAAQ,eAAR,IAA2B,UAA3B,CALqE;AAMrE,YAAI,SAAJ,CAAc,GAAd,EAAmB,OAAnB,EANqE;AAOrE,YAAI,GAAJ,CAAQ,eAAR,EAPqE;AAQrE,eAAO,SAAP,CARqE;OAAvE;;;AAvCgB,UAmDZ,WAAW,SAAS,GAAT,EAAc,QAAd,CAnDC;AAoDhB,UAAI,UAAU,SAAS,KAAT,CAAe,GAAf,EAAoB,CAApB,CAAV,CApDY;AAqDhB,UAAI,iBAAiB,SAAS,QAAQ,OAAR,CAAgB,KAAhB,EAAuB,EAAvB,CAAT,CArDL;;AAuDhB,UAAI,CAAC,MAAM,IAAN,CAAW,OAAX,CAAD,IAAwB,CAAC,EAAE,GAAF,CAAM,QAAN,EAAgB,cAAhB,CAAD,EAAkC;AAC5D,kBAAU,OAAO,WAAP,CADkD;OAA9D,MAEO;AACL,kBAAU,cAAV,CADK;OAFP;;AAMA,UAAI,WAAJ,CA7DgB;AA8DhB,UAAI;AACF,sBAAc,eAAe,OAAf,EAAwB,OAAxB,CAAd,CADE;OAAJ,CAEE,OAAO,CAAP,EAAU;AACV,YAAI,KAAJ,CAAU,6BAA6B,EAAE,KAAF,CAAvC,CADU;AAEV,YAAI,SAAJ,CAAc,GAAd,EAAmB,OAAnB,EAFU;AAGV,YAAI,GAAJ,GAHU;AAIV,eAAO,SAAP,CAJU;OAAV;;AAOF,UAAI,aAAa,IAAI,UAAJ,GAAiB,IAAI,UAAJ,GAAiB,GAAlC,CAvED;AAwEhB,UAAI,SAAJ,CAAc,UAAd,EAA0B,OAA1B,EAxEgB;AAyEhB,UAAI,KAAJ,CAAU,WAAV,EAzEgB;AA0EhB,UAAI,GAAJ,GA1EgB;AA2EhB,aAAO,SAAP,CA3EgB;KAAZ,CAAN,CA4EG,GA5EH,GADgC;GAA1B,CAAR;;;AAjNgC,KAkShC,CAAI,GAAJ,CAAQ,UAAU,GAAV,EAAe,GAAf,EAAoB;AAC1B,QAAI,SAAJ,CAAc,GAAd,EAD0B;AAE1B,QAAI,GAAJ,GAF0B;GAApB,CAAR,CAlSgC;;AAwShC,MAAI,aAAa,KAAK,YAAL,CAAkB,GAAlB,CAAb,CAxS4B;AAyShC,MAAI,uBAAuB,EAAvB;;;;;AAzS4B,YA8ShC,CAAW,UAAX,CAAsB,oBAAtB;;;;;AA9SgC,YAmThC,CAAW,EAAX,CAAc,SAAd,EAAyB,OAAO,iCAAP,CAAzB;;;AAnTgC,GAuThC,CAAE,MAAF,CAAS,MAAT,EAAiB;AACf,qBAAiB,qBAAjB;AACA,wBAAoB,kBAApB;AACA,gBAAY,UAAZ;;AAEA;AAAuB,uCAAY;AACjC,iCAAwB,IAAxB,CADiC;OAAZ;;;OAAvB;AAGA;AAAa,2BAAU,CAAV,EAAa;AACxB,YAAI,oBAAJ,EACE,qBAAqB,IAArB,CAA0B,CAA1B,EADF,KAGE,IAHF;OADW;;;OAAb;GARF;;;;;AAvTgC,MA0UhC,GAAO,cAAU,IAAV,EAAgB;AACrB,oBAAgB,mBAAhB;;;AADqB,QAIjB,YAAY,gBAAgB,SAAhB,CAA0B,QAAQ,GAAR,CAAY,IAAZ,CAA1B,IAA+C,CAA/C,CAJK;AAKrB,QAAI,OAAO,QAAQ,GAAR,CAAY,OAAZ,CALU;AAMrB,QAAI,UAAU,QAAQ,SAAR,CANO;AAOrB,eAAW,MAAX,CAAkB,SAAlB,EAA6B,OAA7B,EAAsC,OAAO,eAAP,CAAuB,YAAW;AACtE,UAAI,QAAQ,GAAR,CAAY,sBAAZ,EACF,QAAQ,GAAR,CAAY,WAAZ,EADF;;AADsE,UAIlE,YAAY,oBAAZ,CAJkE;AAKtE,6BAAuB,IAAvB,CALsE;AAMtE,QAAE,IAAF,CAAO,SAAP,EAAkB,UAAU,CAAV,EAAa;AAAE,YAAF;OAAb,CAAlB,CANsE;KAAX,EAQ1D,UAAU,CAAV,EAAa;AACd,cAAQ,KAAR,CAAc,kBAAd,EAAkC,CAAlC,EADc;AAEd,cAAQ,KAAR,CAAc,KAAK,EAAE,KAAF,CAAnB,CAFc;KAAb,CARH,EAPqB;;AAoBrB,WAAO,QAAP,CApBqB;GAAhB,CA1UyB;CAAZ;;AAmWtB;;AAGA,IAAI,uBAAuB,IAAvB;;AAEJ,gBAAgB,oBAAhB,GAAuC,YAAY;AACjD,SAAO,oBAAP,CADiD;CAAZ;;AAIvC,gBAAgB,uBAAhB,GAA0C,UAAU,KAAV,EAAiB;AACzD,yBAAuB,KAAvB,CADyD;AAEzD,kBAAgB,mBAAhB,GAFyD;CAAjB;;AAM1C,gBAAgB,6BAAhB,GAAgD,UAAU,MAAV,EAAkB;AAChE,+BAA6B,MAA7B,CADgE;AAEhE,kBAAgB,mBAAhB,GAFgE;CAAlB;;AAKhD,gBAAgB,qBAAhB,GAAwC,UAAU,MAAV,EAAkB;AACxD,MAAI,OAAO,IAAP,CADoD;AAExD,OAAK,6BAAL,CACE,UAAU,GAAV,EAAe;AACb,WAAO,SAAS,GAAT,CADM;GAAf,CADF,CAFwD;CAAlB;;;;;;AAYxC,IAAI,qBAAqB,EAArB;AACJ,gBAAgB,WAAhB,GAA8B,UAAU,QAAV,EAAoB;AAChD,qBAAmB,MAAM,KAAK,QAAL,CAAN,GAAuB,KAAvB,CAAnB,GAAmD,QAAnD,CADgD;CAApB;;;AAK9B,gBAAgB,cAAhB,GAAiC,cAAjC;AACA,gBAAgB,kBAAhB,GAAqC,kBAArC","file":"/packages/webapp/webapp_server.js.map","sourcesContent":["////////// Requires //////////\n\nvar fs = Npm.require(\"fs\");\nvar http = Npm.require(\"http\");\nvar os = Npm.require(\"os\");\nvar path = Npm.require(\"path\");\nvar url = Npm.require(\"url\");\nvar crypto = Npm.require(\"crypto\");\n\nvar connect = Npm.require('connect');\nvar parseurl = Npm.require('parseurl');\nvar useragent = Npm.require('useragent');\nvar send = Npm.require('send');\n\nvar Future = Npm.require('fibers/future');\nvar Fiber = Npm.require('fibers');\n\nvar SHORT_SOCKET_TIMEOUT = 5*1000;\nvar LONG_SOCKET_TIMEOUT = 120*1000;\n\nWebApp = {};\nWebAppInternals = {};\n\nWebAppInternals.NpmModules = {\n  connect: {\n    version: Npm.require('connect/package.json').version,\n    module: connect\n  }\n};\n\nWebApp.defaultArch = 'web.browser';\n\n// XXX maps archs to manifests\nWebApp.clientPrograms = {};\n\n// XXX maps archs to program path on filesystem\nvar archPath = {};\n\nvar bundledJsCssUrlRewriteHook;\n\nvar sha1 = function (contents) {\n  var hash = crypto.createHash('sha1');\n  hash.update(contents);\n  return hash.digest('hex');\n};\n\nvar readUtf8FileSync = function (filename) {\n  return Meteor.wrapAsync(fs.readFile)(filename, 'utf8');\n};\n\n// #BrowserIdentification\n//\n// We have multiple places that want to identify the browser: the\n// unsupported browser page, the appcache package, and, eventually\n// delivering browser polyfills only as needed.\n//\n// To avoid detecting the browser in multiple places ad-hoc, we create a\n// Meteor \"browser\" object. It uses but does not expose the npm\n// useragent module (we could choose a different mechanism to identify\n// the browser in the future if we wanted to).  The browser object\n// contains\n//\n// * `name`: the name of the browser in camel case\n// * `major`, `minor`, `patch`: integers describing the browser version\n//\n// Also here is an early version of a Meteor `request` object, intended\n// to be a high-level description of the request without exposing\n// details of connect's low-level `req`.  Currently it contains:\n//\n// * `browser`: browser identification object described above\n// * `url`: parsed url, including parsed query params\n//\n// As a temporary hack there is a `categorizeRequest` function on WebApp which\n// converts a connect `req` to a Meteor `request`. This can go away once smart\n// packages such as appcache are being passed a `request` object directly when\n// they serve content.\n//\n// This allows `request` to be used uniformly: it is passed to the html\n// attributes hook, and the appcache package can use it when deciding\n// whether to generate a 404 for the manifest.\n//\n// Real routing / server side rendering will probably refactor this\n// heavily.\n\n\n// e.g. \"Mobile Safari\" => \"mobileSafari\"\nvar camelCase = function (name) {\n  var parts = name.split(' ');\n  parts[0] = parts[0].toLowerCase();\n  for (var i = 1;  i < parts.length;  ++i) {\n    parts[i] = parts[i].charAt(0).toUpperCase() + parts[i].substr(1);\n  }\n  return parts.join('');\n};\n\nvar identifyBrowser = function (userAgentString) {\n  var userAgent = useragent.lookup(userAgentString);\n  return {\n    name: camelCase(userAgent.family),\n    major: +userAgent.major,\n    minor: +userAgent.minor,\n    patch: +userAgent.patch\n  };\n};\n\n// XXX Refactor as part of implementing real routing.\nWebAppInternals.identifyBrowser = identifyBrowser;\n\nWebApp.categorizeRequest = function (req) {\n  return _.extend({\n    browser: identifyBrowser(req.headers['user-agent']),\n    url: url.parse(req.url, true)\n  }, _.pick(req, 'dynamicHead', 'dynamicBody'));\n};\n\n// HTML attribute hooks: functions to be called to determine any attributes to\n// be added to the '<html>' tag. Each function is passed a 'request' object (see\n// #BrowserIdentification) and should return null or object.\nvar htmlAttributeHooks = [];\nvar getHtmlAttributes = function (request) {\n  var combinedAttributes  = {};\n  _.each(htmlAttributeHooks || [], function (hook) {\n    var attributes = hook(request);\n    if (attributes === null)\n      return;\n    if (typeof attributes !== 'object')\n      throw Error(\"HTML attribute hook must return null or object\");\n    _.extend(combinedAttributes, attributes);\n  });\n  return combinedAttributes;\n};\nWebApp.addHtmlAttributeHook = function (hook) {\n  htmlAttributeHooks.push(hook);\n};\n\n// Serve app HTML for this URL?\nvar appUrl = function (url) {\n  if (url === '/favicon.ico' || url === '/robots.txt')\n    return false;\n\n  // NOTE: app.manifest is not a web standard like favicon.ico and\n  // robots.txt. It is a file name we have chosen to use for HTML5\n  // appcache URLs. It is included here to prevent using an appcache\n  // then removing it from poisoning an app permanently. Eventually,\n  // once we have server side routing, this won't be needed as\n  // unknown URLs with return a 404 automatically.\n  if (url === '/app.manifest')\n    return false;\n\n  // Avoid serving app HTML for declared routes such as /sockjs/.\n  if (RoutePolicy.classify(url))\n    return false;\n\n  // we currently return app HTML on all URLs by default\n  return true;\n};\n\n\n// We need to calculate the client hash after all packages have loaded\n// to give them a chance to populate __meteor_runtime_config__.\n//\n// Calculating the hash during startup means that packages can only\n// populate __meteor_runtime_config__ during load, not during startup.\n//\n// Calculating instead it at the beginning of main after all startup\n// hooks had run would allow packages to also populate\n// __meteor_runtime_config__ during startup, but that's too late for\n// autoupdate because it needs to have the client hash at startup to\n// insert the auto update version itself into\n// __meteor_runtime_config__ to get it to the client.\n//\n// An alternative would be to give autoupdate a \"post-start,\n// pre-listen\" hook to allow it to insert the auto update version at\n// the right moment.\n\nMeteor.startup(function () {\n  var calculateClientHash = WebAppHashing.calculateClientHash;\n  WebApp.clientHash = function (archName) {\n    archName = archName || WebApp.defaultArch;\n    return calculateClientHash(WebApp.clientPrograms[archName].manifest);\n  };\n\n  WebApp.calculateClientHashRefreshable = function (archName) {\n    archName = archName || WebApp.defaultArch;\n    return calculateClientHash(WebApp.clientPrograms[archName].manifest,\n      function (name) {\n        return name === \"css\";\n      });\n  };\n  WebApp.calculateClientHashNonRefreshable = function (archName) {\n    archName = archName || WebApp.defaultArch;\n    return calculateClientHash(WebApp.clientPrograms[archName].manifest,\n      function (name) {\n        return name !== \"css\";\n      });\n  };\n  WebApp.calculateClientHashCordova = function () {\n    var archName = 'web.cordova';\n    if (! WebApp.clientPrograms[archName])\n      return 'none';\n\n    return calculateClientHash(\n      WebApp.clientPrograms[archName].manifest, null, _.pick(\n        __meteor_runtime_config__, 'PUBLIC_SETTINGS'));\n  };\n});\n\n\n\n// When we have a request pending, we want the socket timeout to be long, to\n// give ourselves a while to serve it, and to allow sockjs long polls to\n// complete.  On the other hand, we want to close idle sockets relatively\n// quickly, so that we can shut down relatively promptly but cleanly, without\n// cutting off anyone's response.\nWebApp._timeoutAdjustmentRequestCallback = function (req, res) {\n  // this is really just req.socket.setTimeout(LONG_SOCKET_TIMEOUT);\n  req.setTimeout(LONG_SOCKET_TIMEOUT);\n  // Insert our new finish listener to run BEFORE the existing one which removes\n  // the response from the socket.\n  var finishListeners = res.listeners('finish');\n  // XXX Apparently in Node 0.12 this event is now called 'prefinish'.\n  // https://github.com/joyent/node/commit/7c9b6070\n  res.removeAllListeners('finish');\n  res.on('finish', function () {\n    res.setTimeout(SHORT_SOCKET_TIMEOUT);\n  });\n  _.each(finishListeners, function (l) { res.on('finish', l); });\n};\n\n\n// Will be updated by main before we listen.\n// Map from client arch to boilerplate object.\n// Boilerplate object has:\n//   - func: XXX\n//   - baseData: XXX\nvar boilerplateByArch = {};\n\n// Given a request (as returned from `categorizeRequest`), return the\n// boilerplate HTML to serve for that request.\n//\n// If a previous connect middleware has rendered content for the head or body,\n// returns the boilerplate with that content patched in otherwise\n// memoizes on HTML attributes (used by, eg, appcache) and whether inline \n// scripts are currently allowed.\n// XXX so far this function is always called with arch === 'web.browser'\nvar memoizedBoilerplate = {};\nvar getBoilerplate = function (request, arch) {\n  var useMemoized = ! (request.dynamicHead || request.dynamicBody);\n  var htmlAttributes = getHtmlAttributes(request);\n  \n  if (useMemoized) {\n    // The only thing that changes from request to request (unless extra \n    // content is added to the head or body) are the HTML attributes \n    // (used by, eg, appcache) and whether inline scripts are allowed, so we \n    // can memoize based on that.\n    var memHash = JSON.stringify({\n      inlineScriptsAllowed: inlineScriptsAllowed,\n      htmlAttributes: htmlAttributes,\n      arch: arch\n    });\n\n    if (! memoizedBoilerplate[memHash]) {\n      memoizedBoilerplate[memHash] = boilerplateByArch[arch].toHTML({\n        htmlAttributes: htmlAttributes\n      });\n    }\n    return memoizedBoilerplate[memHash];\n  }\n  \n  var boilerplateOptions = _.extend({ \n    htmlAttributes: htmlAttributes \n  }, _.pick(request, 'dynamicHead', 'dynamicBody'));\n  \n  return boilerplateByArch[arch].toHTML(boilerplateOptions);\n};\n\nWebAppInternals.generateBoilerplateInstance = function (arch,\n                                                        manifest,\n                                                        additionalOptions) {\n  additionalOptions = additionalOptions || {};\n\n  var runtimeConfig = _.extend(\n    _.clone(__meteor_runtime_config__),\n    additionalOptions.runtimeConfigOverrides || {}\n  );\n\n  var jsCssUrlRewriteHook = bundledJsCssUrlRewriteHook || function (url) {\n    var bundledPrefix =\n       __meteor_runtime_config__.ROOT_URL_PATH_PREFIX || '';\n    return bundledPrefix + url;\n  };\n\n  return new Boilerplate(arch, manifest,\n    _.extend({\n      pathMapper: function (itemPath) {\n        return path.join(archPath[arch], itemPath); },\n      baseDataExtension: {\n        additionalStaticJs: _.map(\n          additionalStaticJs || [],\n          function (contents, pathname) {\n            return {\n              pathname: pathname,\n              contents: contents\n            };\n          }\n        ),\n        // Convert to a JSON string, then get rid of most weird characters, then\n        // wrap in double quotes. (The outermost JSON.stringify really ought to\n        // just be \"wrap in double quotes\" but we use it to be safe.) This might\n        // end up inside a <script> tag so we need to be careful to not include\n        // \"</script>\", but normal {{spacebars}} escaping escapes too much! See\n        // https://github.com/meteor/meteor/issues/3730\n        meteorRuntimeConfig: JSON.stringify(\n          encodeURIComponent(JSON.stringify(runtimeConfig))),\n        rootUrlPathPrefix: __meteor_runtime_config__.ROOT_URL_PATH_PREFIX || '',\n        bundledJsCssUrlRewriteHook: jsCssUrlRewriteHook,\n        inlineScriptsAllowed: WebAppInternals.inlineScriptsAllowed(),\n        inline: additionalOptions.inline\n      }\n    }, additionalOptions)\n  );\n};\n\n// A mapping from url path to \"info\". Where \"info\" has the following fields:\n// - type: the type of file to be served\n// - cacheable: optionally, whether the file should be cached or not\n// - sourceMapUrl: optionally, the url of the source map\n//\n// Info also contains one of the following:\n// - content: the stringified content that should be served at this path\n// - absolutePath: the absolute path on disk to the file\n\nvar staticFiles;\n\n// Serve static files from the manifest or added with\n// `addStaticJs`. Exported for tests.\nWebAppInternals.staticFilesMiddleware = function (staticFiles, req, res, next) {\n  if ('GET' != req.method && 'HEAD' != req.method && 'OPTIONS' != req.method) {\n    next();\n    return;\n  }\n  var pathname = parseurl(req).pathname;\n  try {\n    pathname = decodeURIComponent(pathname);\n  } catch (e) {\n    next();\n    return;\n  }\n\n  var serveStaticJs = function (s) {\n    res.writeHead(200, {\n      'Content-type': 'application/javascript; charset=UTF-8'\n    });\n    res.write(s);\n    res.end();\n  };\n\n  if (pathname === \"/meteor_runtime_config.js\" &&\n      ! WebAppInternals.inlineScriptsAllowed()) {\n    serveStaticJs(\"__meteor_runtime_config__ = \" +\n                  JSON.stringify(__meteor_runtime_config__) + \";\");\n    return;\n  } else if (_.has(additionalStaticJs, pathname) &&\n              ! WebAppInternals.inlineScriptsAllowed()) {\n    serveStaticJs(additionalStaticJs[pathname]);\n    return;\n  }\n\n  if (!_.has(staticFiles, pathname)) {\n    next();\n    return;\n  }\n\n  // We don't need to call pause because, unlike 'static', once we call into\n  // 'send' and yield to the event loop, we never call another handler with\n  // 'next'.\n\n  var info = staticFiles[pathname];\n\n  // Cacheable files are files that should never change. Typically\n  // named by their hash (eg meteor bundled js and css files).\n  // We cache them ~forever (1yr).\n  var maxAge = info.cacheable\n        ? 1000 * 60 * 60 * 24 * 365\n        : 0;\n\n  // Set the X-SourceMap header, which current Chrome, FireFox, and Safari\n  // understand.  (The SourceMap header is slightly more spec-correct but FF\n  // doesn't understand it.)\n  //\n  // You may also need to enable source maps in Chrome: open dev tools, click\n  // the gear in the bottom right corner, and select \"enable source maps\".\n  if (info.sourceMapUrl) {\n    res.setHeader('X-SourceMap',\n                  __meteor_runtime_config__.ROOT_URL_PATH_PREFIX +\n                  info.sourceMapUrl);\n  }\n\n  if (info.type === \"js\") {\n    res.setHeader(\"Content-Type\", \"application/javascript; charset=UTF-8\");\n  } else if (info.type === \"css\") {\n    res.setHeader(\"Content-Type\", \"text/css; charset=UTF-8\");\n  } else if (info.type === \"json\") {\n    res.setHeader(\"Content-Type\", \"application/json; charset=UTF-8\");\n  }\n\n  if (info.hash) {\n    res.setHeader('ETag', '\"' + info.hash + '\"');\n  }\n\n  if (info.content) {\n    res.write(info.content);\n    res.end();\n  } else {\n    send(req, info.absolutePath, {\n        maxage: maxAge,\n        dotfiles: 'allow', // if we specified a dotfile in the manifest, serve it\n        lastModified: false // don't set last-modified based on the file date\n      }).on('error', function (err) {\n        Log.error(\"Error serving static file \" + err);\n        res.writeHead(500);\n        res.end();\n      })\n      .on('directory', function () {\n        Log.error(\"Unexpected directory \" + info.absolutePath);\n        res.writeHead(500);\n        res.end();\n      })\n      .pipe(res);\n  }\n};\n\nvar getUrlPrefixForArch = function (arch) {\n  // XXX we rely on the fact that arch names don't contain slashes\n  // in that case we would need to uri escape it\n\n  // We add '__' to the beginning of non-standard archs to \"scope\" the url\n  // to Meteor internals.\n  return arch === WebApp.defaultArch ?\n    '' : '/' + '__' + arch.replace(/^web\\./, '');\n};\n\n// parse port to see if its a Windows Server style named pipe. If so, return as-is (String), otherwise return as Int\nWebAppInternals.parsePort = function (port) {\n  if( /\\\\\\\\?.+\\\\pipe\\\\?.+/.test(port) ) {\n    return port;\n  }\n\n  return parseInt(port);\n};\n\nvar runWebAppServer = function () {\n  var shuttingDown = false;\n  var syncQueue = new Meteor._SynchronousQueue();\n\n  var getItemPathname = function (itemUrl) {\n    return decodeURIComponent(url.parse(itemUrl).pathname);\n  };\n\n  WebAppInternals.reloadClientPrograms = function () {\n    syncQueue.runTask(function() {\n      staticFiles = {};\n      var generateClientProgram = function (clientPath, arch) {\n        // read the control for the client we'll be serving up\n        var clientJsonPath = path.join(__meteor_bootstrap__.serverDir,\n                                   clientPath);\n        var clientDir = path.dirname(clientJsonPath);\n        var clientJson = JSON.parse(readUtf8FileSync(clientJsonPath));\n        if (clientJson.format !== \"web-program-pre1\")\n          throw new Error(\"Unsupported format for client assets: \" +\n                          JSON.stringify(clientJson.format));\n\n        if (! clientJsonPath || ! clientDir || ! clientJson)\n          throw new Error(\"Client config file not parsed.\");\n\n        var urlPrefix = getUrlPrefixForArch(arch);\n\n        var manifest = clientJson.manifest;\n        _.each(manifest, function (item) {\n          if (item.url && item.where === \"client\") {\n            staticFiles[urlPrefix + getItemPathname(item.url)] = {\n              absolutePath: path.join(clientDir, item.path),\n              cacheable: item.cacheable,\n              hash: item.hash,\n              // Link from source to its map\n              sourceMapUrl: item.sourceMapUrl,\n              type: item.type\n            };\n\n            if (item.sourceMap) {\n              // Serve the source map too, under the specified URL. We assume all\n              // source maps are cacheable.\n              staticFiles[urlPrefix + getItemPathname(item.sourceMapUrl)] = {\n                absolutePath: path.join(clientDir, item.sourceMap),\n                cacheable: true\n              };\n            }\n          }\n        });\n\n        var program = {\n          format: \"web-program-pre1\",\n          manifest: manifest,\n          version: WebAppHashing.calculateClientHash(manifest, null, _.pick(\n            __meteor_runtime_config__, 'PUBLIC_SETTINGS')),\n          cordovaCompatibilityVersions: clientJson.cordovaCompatibilityVersions,\n          PUBLIC_SETTINGS: __meteor_runtime_config__.PUBLIC_SETTINGS\n        };\n\n        WebApp.clientPrograms[arch] = program;\n\n        // Serve the program as a string at /foo/<arch>/manifest.json\n        // XXX change manifest.json -> program.json\n        staticFiles[urlPrefix + getItemPathname('/manifest.json')] = {\n          content: JSON.stringify(program),\n          cacheable: false,\n          hash: program.version,\n          type: \"json\"\n        };\n      };\n\n      try {\n        var clientPaths = __meteor_bootstrap__.configJson.clientPaths;\n        _.each(clientPaths, function (clientPath, arch) {\n          archPath[arch] = path.dirname(clientPath);\n          generateClientProgram(clientPath, arch);\n        });\n\n        // Exported for tests.\n        WebAppInternals.staticFiles = staticFiles;\n      } catch (e) {\n        Log.error(\"Error reloading the client program: \" + e.stack);\n        process.exit(1);\n      }\n    });\n  };\n\n  WebAppInternals.generateBoilerplate = function () {\n    // This boilerplate will be served to the mobile devices when used with\n    // Meteor/Cordova for the Hot-Code Push and since the file will be served by\n    // the device's server, it is important to set the DDP url to the actual\n    // Meteor server accepting DDP connections and not the device's file server.\n    var defaultOptionsForArch = {\n      'web.cordova': {\n        runtimeConfigOverrides: {\n          // XXX We use absoluteUrl() here so that we serve https://\n          // URLs to cordova clients if force-ssl is in use. If we were\n          // to use __meteor_runtime_config__.ROOT_URL instead of\n          // absoluteUrl(), then Cordova clients would immediately get a\n          // HCP setting their DDP_DEFAULT_CONNECTION_URL to\n          // http://example.meteor.com. This breaks the app, because\n          // force-ssl doesn't serve CORS headers on 302\n          // redirects. (Plus it's undesirable to have clients\n          // connecting to http://example.meteor.com when force-ssl is\n          // in use.)\n          DDP_DEFAULT_CONNECTION_URL: process.env.MOBILE_DDP_URL ||\n            Meteor.absoluteUrl(),\n          ROOT_URL: process.env.MOBILE_ROOT_URL ||\n            Meteor.absoluteUrl()\n        }\n      }\n    };\n\n    syncQueue.runTask(function() {\n      _.each(WebApp.clientPrograms, function (program, archName) {\n        boilerplateByArch[archName] =\n          WebAppInternals.generateBoilerplateInstance(\n            archName, program.manifest,\n            defaultOptionsForArch[archName]);\n      });\n\n      // Clear the memoized boilerplate cache.\n      memoizedBoilerplate = {};\n\n      // Configure CSS injection for the default arch\n      // XXX implement the CSS injection for all archs?\n      WebAppInternals.refreshableAssets = {\n        allCss: boilerplateByArch[WebApp.defaultArch].baseData.css\n      };\n    });\n  };\n\n  WebAppInternals.reloadClientPrograms();\n\n  // webserver\n  var app = connect();\n\n  // Auto-compress any json, javascript, or text.\n  app.use(connect.compress());\n\n  // Packages and apps can add handlers that run before any other Meteor\n  // handlers via WebApp.rawConnectHandlers.\n  var rawConnectHandlers = connect();\n  app.use(rawConnectHandlers);\n\n  // We're not a proxy; reject (without crashing) attempts to treat us like\n  // one. (See #1212.)\n  app.use(function(req, res, next) {\n    if (RoutePolicy.isValidUrl(req.url)) {\n      next();\n      return;\n    }\n    res.writeHead(400);\n    res.write(\"Not a proxy\");\n    res.end();\n  });\n\n  // Strip off the path prefix, if it exists.\n  app.use(function (request, response, next) {\n    var pathPrefix = __meteor_runtime_config__.ROOT_URL_PATH_PREFIX;\n    var url = Npm.require('url').parse(request.url);\n    var pathname = url.pathname;\n    // check if the path in the url starts with the path prefix (and the part\n    // after the path prefix must start with a / if it exists.)\n    if (pathPrefix && pathname.substring(0, pathPrefix.length) === pathPrefix &&\n       (pathname.length == pathPrefix.length\n        || pathname.substring(pathPrefix.length, pathPrefix.length + 1) === \"/\")) {\n      request.url = request.url.substring(pathPrefix.length);\n      next();\n    } else if (pathname === \"/favicon.ico\" || pathname === \"/robots.txt\") {\n      next();\n    } else if (pathPrefix) {\n      response.writeHead(404);\n      response.write(\"Unknown path\");\n      response.end();\n    } else {\n      next();\n    }\n  });\n\n  // Parse the query string into res.query. Used by oauth_server, but it's\n  // generally pretty handy..\n  app.use(connect.query());\n\n  // Serve static files from the manifest.\n  // This is inspired by the 'static' middleware.\n  app.use(function (req, res, next) {\n    Fiber(function () {\n     WebAppInternals.staticFilesMiddleware(staticFiles, req, res, next);\n    }).run();\n  });\n\n  // Packages and apps can add handlers to this via WebApp.connectHandlers.\n  // They are inserted before our default handler.\n  var packageAndAppHandlers = connect();\n  app.use(packageAndAppHandlers);\n\n  var suppressConnectErrors = false;\n  // connect knows it is an error handler because it has 4 arguments instead of\n  // 3. go figure.  (It is not smart enough to find such a thing if it's hidden\n  // inside packageAndAppHandlers.)\n  app.use(function (err, req, res, next) {\n    if (!err || !suppressConnectErrors || !req.headers['x-suppress-error']) {\n      next(err);\n      return;\n    }\n    res.writeHead(err.status, { 'Content-Type': 'text/plain' });\n    res.end(\"An error message\");\n  });\n\n  app.use(function (req, res, next) {\n    Fiber(function () {\n      if (!appUrl(req.url))\n        return next();\n\n      var headers = {\n        'Content-Type': 'text/html; charset=utf-8'\n      };\n      if (shuttingDown)\n        headers['Connection'] = 'Close';\n\n      var request = WebApp.categorizeRequest(req);\n\n      if (request.url.query && request.url.query['meteor_css_resource']) {\n        // In this case, we're requesting a CSS resource in the meteor-specific\n        // way, but we don't have it.  Serve a static css file that indicates that\n        // we didn't have it, so we can detect that and refresh.  Make sure\n        // that any proxies or CDNs don't cache this error!  (Normally proxies\n        // or CDNs are smart enough not to cache error pages, but in order to\n        // make this hack work, we need to return the CSS file as a 200, which\n        // would otherwise be cached.)\n        headers['Content-Type'] = 'text/css; charset=utf-8';\n        headers['Cache-Control'] = 'no-cache';\n        res.writeHead(200, headers);\n        res.write(\".meteor-css-not-found-error { width: 0px;}\");\n        res.end();\n        return undefined;\n      }\n\n      if (request.url.query && request.url.query['meteor_js_resource']) {\n        // Similarly, we're requesting a JS resource that we don't have.\n        // Serve an uncached 404. (We can't use the same hack we use for CSS,\n        // because actually acting on that hack requires us to have the JS\n        // already!)\n        headers['Cache-Control'] = 'no-cache';\n        res.writeHead(404, headers);\n        res.end(\"404 Not Found\");\n        return undefined;\n      }\n\n      if (request.url.query && request.url.query['meteor_dont_serve_index']) {\n        // When downloading files during a Cordova hot code push, we need\n        // to detect if a file is not available instead of inadvertently\n        // downloading the default index page.\n        // So similar to the situation above, we serve an uncached 404.\n        headers['Cache-Control'] = 'no-cache';\n        res.writeHead(404, headers);\n        res.end(\"404 Not Found\");\n        return undefined;\n      }\n\n      // /packages/asdfsad ... /__cordova/dafsdf.js\n      var pathname = parseurl(req).pathname;\n      var archKey = pathname.split('/')[1];\n      var archKeyCleaned = 'web.' + archKey.replace(/^__/, '');\n\n      if (!/^__/.test(archKey) || !_.has(archPath, archKeyCleaned)) {\n        archKey = WebApp.defaultArch;\n      } else {\n        archKey = archKeyCleaned;\n      }\n\n      var boilerplate;\n      try {\n        boilerplate = getBoilerplate(request, archKey);\n      } catch (e) {\n        Log.error(\"Error running template: \" + e.stack);\n        res.writeHead(500, headers);\n        res.end();\n        return undefined;\n      }\n\n      var statusCode = res.statusCode ? res.statusCode : 200;\n      res.writeHead(statusCode, headers);\n      res.write(boilerplate);\n      res.end();\n      return undefined;\n    }).run();\n  });\n\n  // Return 404 by default, if no other handlers serve this URL.\n  app.use(function (req, res) {\n    res.writeHead(404);\n    res.end();\n  });\n\n\n  var httpServer = http.createServer(app);\n  var onListeningCallbacks = [];\n\n  // After 5 seconds w/o data on a socket, kill it.  On the other hand, if\n  // there's an outstanding request, give it a higher timeout instead (to avoid\n  // killing long-polling requests)\n  httpServer.setTimeout(SHORT_SOCKET_TIMEOUT);\n\n  // Do this here, and then also in livedata/stream_server.js, because\n  // stream_server.js kills all the current request handlers when installing its\n  // own.\n  httpServer.on('request', WebApp._timeoutAdjustmentRequestCallback);\n\n\n  // start up app\n  _.extend(WebApp, {\n    connectHandlers: packageAndAppHandlers,\n    rawConnectHandlers: rawConnectHandlers,\n    httpServer: httpServer,\n    // For testing.\n    suppressConnectErrors: function () {\n      suppressConnectErrors = true;\n    },\n    onListening: function (f) {\n      if (onListeningCallbacks)\n        onListeningCallbacks.push(f);\n      else\n        f();\n    }\n  });\n\n  // Let the rest of the packages (and Meteor.startup hooks) insert connect\n  // middlewares and update __meteor_runtime_config__, then keep going to set up\n  // actually serving HTML.\n  main = function (argv) {\n    WebAppInternals.generateBoilerplate();\n\n    // only start listening after all the startup code has run.\n    var localPort = WebAppInternals.parsePort(process.env.PORT) || 0;\n    var host = process.env.BIND_IP;\n    var localIp = host || '0.0.0.0';\n    httpServer.listen(localPort, localIp, Meteor.bindEnvironment(function() {\n      if (process.env.METEOR_PRINT_ON_LISTEN)\n        console.log(\"LISTENING\"); // must match run-app.js\n\n      var callbacks = onListeningCallbacks;\n      onListeningCallbacks = null;\n      _.each(callbacks, function (x) { x(); });\n\n    }, function (e) {\n      console.error(\"Error listening:\", e);\n      console.error(e && e.stack);\n    }));\n\n    return 'DAEMON';\n  };\n};\n\n\nrunWebAppServer();\n\n\nvar inlineScriptsAllowed = true;\n\nWebAppInternals.inlineScriptsAllowed = function () {\n  return inlineScriptsAllowed;\n};\n\nWebAppInternals.setInlineScriptsAllowed = function (value) {\n  inlineScriptsAllowed = value;\n  WebAppInternals.generateBoilerplate();\n};\n\n\nWebAppInternals.setBundledJsCssUrlRewriteHook = function (hookFn) {\n  bundledJsCssUrlRewriteHook = hookFn;\n  WebAppInternals.generateBoilerplate();\n};\n\nWebAppInternals.setBundledJsCssPrefix = function (prefix) {\n  var self = this;\n  self.setBundledJsCssUrlRewriteHook(\n    function (url) {\n      return prefix + url;\n  });\n};\n\n// Packages can call `WebAppInternals.addStaticJs` to specify static\n// JavaScript to be included in the app. This static JS will be inlined,\n// unless inline scripts have been disabled, in which case it will be\n// served under `/<sha1 of contents>`.\nvar additionalStaticJs = {};\nWebAppInternals.addStaticJs = function (contents) {\n  additionalStaticJs[\"/\" + sha1(contents) + \".js\"] = contents;\n};\n\n// Exported for tests\nWebAppInternals.getBoilerplate = getBoilerplate;\nWebAppInternals.additionalStaticJs = additionalStaticJs;\n"]},"hash":"83209d12baa6be7c180e0ba62ab48dc7d093975c"}
