{"metadata":{"usedHelpers":["inherits","possibleConstructorReturn","classCallCheck","interopRequireDefault"],"marked":[],"modules":{"imports":[],"exports":{"exported":[],"specifiers":[]}}},"options":{"filename":"/packages/easysearch:components/lib/each/each.js","filenameRelative":"/packages/easysearch:components/lib/each/each.js","env":{},"retainLines":false,"highlightCode":true,"suppressDeprecationMessages":false,"presets":[],"plugins":[[[],null],[[],null],[[],null],[[],null],[[],null],[[],null],[[],null],[[],{"polyfill":false}],[[],null],[[],null],[[],null],[[],null],[[],null],[[],null],[[],null],[[],null],[[],{"loose":true}],[[],{"loose":true}],[[],null],[[],{"loose":true}],[[],null],[[],null],[[],{"allowTopLevelThis":true,"strict":false,"loose":true}],[[],null],[[],null],[[],null],[[],null],[[],null],[[],{"loose":true}],[[],null],[[],null],[[],null],[[],null],[[],null],[[],null],[[],null],[[],null]],"ignore":[],"code":true,"metadata":true,"ast":false,"comments":true,"compact":false,"minified":false,"sourceMap":true,"sourceMaps":true,"sourceMapTarget":"/packages/easysearch:components/lib/each/each.js.map","sourceFileName":"/packages/easysearch:components/lib/each/each.js","babelrc":false,"sourceType":"module","moduleIds":false,"passPerPreset":false,"basename":"each"},"ignored":false,"code":"var _classCallCheck2 = require('babel-runtime/helpers/classCallCheck');\n\nvar _classCallCheck3 = _interopRequireDefault(_classCallCheck2);\n\nvar _possibleConstructorReturn2 = require('babel-runtime/helpers/possibleConstructorReturn');\n\nvar _possibleConstructorReturn3 = _interopRequireDefault(_possibleConstructorReturn2);\n\nvar _inherits2 = require('babel-runtime/helpers/inherits');\n\nvar _inherits3 = _interopRequireDefault(_inherits2);\n\nfunction _interopRequireDefault(obj) { return obj && obj.__esModule ? obj : { 'default': obj }; }\n\n/**\n * The EachComponent allows to loop through the search results found.\n *\n * @type {EachComponent}\n */\nEasySearch.EachComponent = function (_SingleIndexComponent) {\n  (0, _inherits3['default'])(EachComponent, _SingleIndexComponent);\n\n  function EachComponent() {\n    (0, _classCallCheck3['default'])(this, EachComponent);\n    return (0, _possibleConstructorReturn3['default'])(this, _SingleIndexComponent.apply(this, arguments));\n  }\n\n  /**\n   * Return the mongo cursor for the search.\n   *\n   * @returns {Mongo.Cursor}\n   */\n\n  EachComponent.prototype.doc = function () {\n    function doc() {\n      var stopPublication = this.index.getComponentDict(this.name).get('stopPublication');\n\n      this.cursor && stopPublication && this.cursor.stop();\n\n      this.cursor = this.index.getComponentMethods(this.name).getCursor();\n\n      return this.cursor.mongoCursor;\n    }\n\n    return doc;\n  }();\n\n  return EachComponent;\n}(SingleIndexComponent);\n\nEasySearch.EachComponent.register('EasySearch.Each');","ast":null,"map":{"version":3,"sources":["/packages/easysearch:components/lib/each/each.js"],"names":[],"mappings":";;;;;;;;;;;;;;;;;;;AAKA,WAAW,aAAX;6BAAiC;;;;;;;;;;;;;0BAM/B;mBAAM;AACJ,UAAM,kBAAkB,KAAK,KAAL,CACrB,gBADqB,CACJ,KAAK,IAAL,CADI,CAErB,GAFqB,CAEjB,iBAFiB,CAAlB,CADF;;AAMJ,WAAK,MAAL,IAAe,eAAf,IAAkC,KAAK,MAAL,CAAY,IAAZ,EAAlC,CANI;;AAQJ,WAAK,MAAL,GAAc,KAAK,KAAL,CACT,mBADS,CACW,KAAK,IAAL,CADX,CAET,SAFS,EAAd,CARI;;AAaJ,aAAO,KAAK,MAAL,CAAY,WAAZ,CAbH;;;;;;SANyB;EAAsB,qBAAvD;;AAuBA,WAAW,aAAX,CAAyB,QAAzB,CAAkC,iBAAlC","file":"/packages/easysearch:components/lib/each/each.js.map","sourcesContent":["/**\n * The EachComponent allows to loop through the search results found.\n *\n * @type {EachComponent}\n */\nEasySearch.EachComponent = class EachComponent extends SingleIndexComponent {\n  /**\n   * Return the mongo cursor for the search.\n   *\n   * @returns {Mongo.Cursor}\n   */\n  doc() {\n    const stopPublication = this.index\n      .getComponentDict(this.name)\n      .get('stopPublication')\n    ;\n\n    this.cursor && stopPublication && this.cursor.stop();\n\n    this.cursor = this.index\n        .getComponentMethods(this.name)\n        .getCursor()\n    ;\n\n    return this.cursor.mongoCursor;\n  }\n};\n\nEasySearch.EachComponent.register('EasySearch.Each');\n"]},"hash":"867edccf9c6eb5d02ed0783c33e1c5db6b882691"}
