{"metadata":{"usedHelpers":["inherits","possibleConstructorReturn","createClass","classCallCheck","interopRequireDefault"],"marked":[],"modules":{"imports":[],"exports":{"exported":[],"specifiers":[]}}},"options":{"filename":"/packages/easysearch:components/lib/load-more/load-more.js","filenameRelative":"/packages/easysearch:components/lib/load-more/load-more.js","env":{},"retainLines":false,"highlightCode":true,"suppressDeprecationMessages":false,"presets":[],"plugins":[[[],null],[[],null],[[],null],[[],null],[[],null],[[],null],[[],null],[[],{"polyfill":false}],[[],null],[[],null],[[],null],[[],null],[[],null],[[],null],[[],null],[[],null],[[],{"loose":true}],[[],{"loose":true}],[[],null],[[],{"loose":true}],[[],null],[[],null],[[],{"allowTopLevelThis":true,"strict":false,"loose":true}],[[],null],[[],null],[[],null],[[],null],[[],null],[[],{"loose":true}],[[],null],[[],null],[[],null],[[],null],[[],null],[[],null],[[],null],[[],null]],"ignore":[],"code":true,"metadata":true,"ast":false,"comments":true,"compact":false,"minified":false,"sourceMap":true,"sourceMaps":true,"sourceMapTarget":"/packages/easysearch:components/lib/load-more/load-more.js.map","sourceFileName":"/packages/easysearch:components/lib/load-more/load-more.js","babelrc":false,"sourceType":"module","moduleIds":false,"passPerPreset":false,"basename":"load-more"},"ignored":false,"code":"var _classCallCheck2 = require('babel-runtime/helpers/classCallCheck');\n\nvar _classCallCheck3 = _interopRequireDefault(_classCallCheck2);\n\nvar _createClass2 = require('babel-runtime/helpers/createClass');\n\nvar _createClass3 = _interopRequireDefault(_createClass2);\n\nvar _possibleConstructorReturn2 = require('babel-runtime/helpers/possibleConstructorReturn');\n\nvar _possibleConstructorReturn3 = _interopRequireDefault(_possibleConstructorReturn2);\n\nvar _inherits2 = require('babel-runtime/helpers/inherits');\n\nvar _inherits3 = _interopRequireDefault(_inherits2);\n\nfunction _interopRequireDefault(obj) { return obj && obj.__esModule ? obj : { 'default': obj }; }\n\n/**\n * The LoadMoreComponent lets you load more documents through a button.\n *\n * @type {LoadMoreComponent}\n */\nEasySearch.LoadMoreComponent = function (_SingleIndexComponent) {\n  (0, _inherits3['default'])(LoadMoreComponent, _SingleIndexComponent);\n\n  function LoadMoreComponent() {\n    (0, _classCallCheck3['default'])(this, LoadMoreComponent);\n    return (0, _possibleConstructorReturn3['default'])(this, _SingleIndexComponent.apply(this, arguments));\n  }\n\n  /**\n   * Load more documents.\n   */\n\n  LoadMoreComponent.prototype.loadMore = function () {\n    function loadMore() {\n      this.index.getComponentMethods(this.name).loadMore(this.options.count);\n    }\n\n    return loadMore;\n  }();\n\n  /**\n   * Content of the component.\n   *\n   * @returns string\n   */\n\n\n  LoadMoreComponent.prototype.content = function () {\n    function content() {\n      return this.options.content;\n    }\n\n    return content;\n  }();\n\n  /**\n   * Attributes of the component.\n   *\n   * @returns string\n   */\n\n\n  LoadMoreComponent.prototype.attributes = function () {\n    function attributes() {\n      return this.getData().attributes || {};\n    }\n\n    return attributes;\n  }();\n\n  /**\n   * Return true if there are more documents to load.\n   *\n   * @returns {Boolean}\n   */\n\n\n  LoadMoreComponent.prototype.moreDocuments = function () {\n    function moreDocuments() {\n      return this.index.getComponentMethods(this.name).hasMoreDocuments();\n    }\n\n    return moreDocuments;\n  }();\n\n  /**\n   * Event map.\n   *\n   * @returns {Object}\n   */\n\n\n  LoadMoreComponent.prototype.events = function () {\n    function events() {\n      return [{\n        'click button': function () {\n          function clickButton() {\n            this.loadMore();\n          }\n\n          return clickButton;\n        }()\n      }];\n    }\n\n    return events;\n  }();\n\n  /**\n   * Return the default options.\n   *\n   * @returns {Object}\n   */\n\n\n  (0, _createClass3['default'])(LoadMoreComponent, [{\n    key: 'defaultOptions',\n    get: function () {\n      function get() {\n        return {\n          content: 'Load more',\n          count: 10\n        };\n      }\n\n      return get;\n    }()\n  }]);\n  return LoadMoreComponent;\n}(SingleIndexComponent);\n\nEasySearch.LoadMoreComponent.register('EasySearch.LoadMore');","ast":null,"map":{"version":3,"sources":["/packages/easysearch:components/lib/load-more/load-more.js"],"names":[],"mappings":";;;;;;;;;;;;;;;;;;;;;;;AAKA,WAAW,iBAAX;6BAAqC;;;;;;;;;;;8BAInC;wBAAW;AACT,WAAK,KAAL,CACG,mBADH,CACuB,KAAK,IAAL,CADvB,CAEG,QAFH,CAEY,KAAK,OAAL,CAAa,KAAb,CAFZ,CADS;;;;;;;;;;;;;AAJwB,8BAgBnC;uBAAU;AACR,aAAO,KAAK,OAAL,CAAa,OAAb,CADC;;;;;;;;;;;;;AAhByB,8BAyBnC;0BAAa;AACX,aAAO,KAAK,OAAL,GAAe,UAAf,IAA6B,EAA7B,CADI;;;;;;;;;;;;;AAzBsB,8BAkCnC;6BAAgB;AACd,aAAO,KAAK,KAAL,CAAW,mBAAX,CAA+B,KAAK,IAAL,CAA/B,CAA0C,gBAA1C,EAAP,CADc;;;;;;;;;;;;;AAlCmB,8BA2CnC;sBAAS;AACP,aAAO,CAAC;AACN;AAAiB,iCAAY;AAC3B,iBAAK,QAAL,GAD2B;WAAZ;;;WAAjB;OADK,CAAP,CADO;;;;;;;;;;;;;gCA3C0B;;;qBAwDd;AACnB,eAAO;AACL,mBAAS,WAAT;AACA,iBAAO,EAAP;SAFF,CADmB;;;;;;SAxDc;EAA0B,qBAA/D;;AAgEA,WAAW,iBAAX,CAA6B,QAA7B,CAAsC,qBAAtC","file":"/packages/easysearch:components/lib/load-more/load-more.js.map","sourcesContent":["/**\n * The LoadMoreComponent lets you load more documents through a button.\n *\n * @type {LoadMoreComponent}\n */\nEasySearch.LoadMoreComponent = class LoadMoreComponent extends SingleIndexComponent {\n  /**\n   * Load more documents.\n   */\n  loadMore() {\n    this.index\n      .getComponentMethods(this.name)\n      .loadMore(this.options.count)\n    ;\n  }\n\n  /**\n   * Content of the component.\n   *\n   * @returns string\n   */\n  content() {\n    return this.options.content;\n  }\n\n  /**\n   * Attributes of the component.\n   *\n   * @returns string\n   */\n  attributes() {\n    return this.getData().attributes || {};\n  }\n\n  /**\n   * Return true if there are more documents to load.\n   *\n   * @returns {Boolean}\n   */\n  moreDocuments() {\n    return this.index.getComponentMethods(this.name).hasMoreDocuments();\n  }\n\n  /**\n   * Event map.\n   *\n   * @returns {Object}\n   */\n  events() {\n    return [{\n      'click button' : function () {\n        this.loadMore();\n      }\n    }];\n  }\n\n  /**\n   * Return the default options.\n   *\n   * @returns {Object}\n   */\n  get defaultOptions() {\n    return {\n      content: 'Load more',\n      count: 10\n    };\n  }\n};\n\nEasySearch.LoadMoreComponent.register('EasySearch.LoadMore');\n"]},"hash":"8a7fbb4e856d3fd8b2d0f007d07c998b06dc9fe2"}
