{"metadata":{"usedHelpers":[],"marked":[],"modules":{"imports":[],"exports":{"exported":[],"specifiers":[]}}},"options":{"filename":"/packages/ecmascript/bare-test.js","filenameRelative":"/packages/ecmascript/bare-test.js","env":{},"retainLines":false,"highlightCode":true,"suppressDeprecationMessages":false,"presets":[],"plugins":[[[],null],[[],null],[[],null],[[],null],[[],null],[[],null],[[],null],[[],{"polyfill":false}],[[],null],[[],null],[[],null],[[],null],[[],null],[[],null],[[],null],[[],null],[[],{"loose":true}],[[],{"loose":true}],[[],null],[[],{"loose":true}],[[],null],[[],null],[[],{"allowTopLevelThis":true,"strict":false,"loose":true}],[[],null],[[],null],[[],null],[[],null],[[],null],[[],{"loose":true}],[[],null],[[],null],[[],null],[[],null],[[],null],[[],null],[[],null],[[],null]],"ignore":[],"code":true,"metadata":true,"ast":false,"comments":true,"compact":false,"minified":false,"sourceMap":true,"sourceMaps":true,"sourceMapTarget":"/packages/ecmascript/bare-test.js.map","sourceFileName":"/packages/ecmascript/bare-test.js","babelrc":false,"sourceType":"module","moduleIds":false,"passPerPreset":false,"basename":"bare-test"},"ignored":false,"code":"Tinytest.add(\"ecmascript - bare files work\", function (test) {\n  // This is defined in bare-file.js\n  test.equal(exportedFromBareFile, \"Yes\");\n});","ast":null,"map":{"version":3,"sources":["/packages/ecmascript/bare-test.js"],"names":[],"mappings":"AAAA,SAAS,GAAT,CAAa,8BAAb,EAA6C,UAAU,IAAV,EAAgB;;AAE3D,OAAK,KAAL,CAAW,oBAAX,EAAiC,KAAjC,EAF2D;CAAhB,CAA7C","file":"/packages/ecmascript/bare-test.js.map","sourcesContent":["Tinytest.add(\"ecmascript - bare files work\", function (test) {\n  // This is defined in bare-file.js\n  test.equal(exportedFromBareFile, \"Yes\");\n});\n"]},"hash":"c38d6ee3c619d2819c45a482d7948e59c2cf9e4e"}
