{"metadata":{"usedHelpers":[],"marked":[],"modules":{"imports":[],"exports":{"exported":[],"specifiers":[]}}},"options":{"filename":"/packages/webapp/webapp_cordova.js","filenameRelative":"/packages/webapp/webapp_cordova.js","env":{},"retainLines":false,"highlightCode":true,"suppressDeprecationMessages":false,"presets":[],"plugins":[[[],null],[[],null],[[],null],[[],null],[[],null],[[],null],[[],null],[[],{"polyfill":false}],[[],null],[[],null],[[],null],[[],null],[[],null],[[],null],[[],null],[[],null],[[],{"loose":true}],[[],{"loose":true}],[[],null],[[],{"loose":true}],[[],null],[[],null],[[],{"allowTopLevelThis":true,"strict":false,"loose":true}],[[],null],[[],null],[[],null],[[],null],[[],null],[[],{"loose":true}],[[],null],[[],null],[[],null],[[],null],[[],null],[[],null],[[],null],[[],null]],"ignore":[],"code":true,"metadata":true,"ast":false,"comments":true,"compact":false,"minified":false,"sourceMap":true,"sourceMaps":true,"sourceMapTarget":"/packages/webapp/webapp_cordova.js.map","sourceFileName":"/packages/webapp/webapp_cordova.js","babelrc":false,"sourceType":"module","moduleIds":false,"passPerPreset":false,"basename":"webapp_cordova"},"ignored":false,"code":"Meteor.startup(function () {\n  WebAppLocalServer.onError(function (error) {\n    console.error(error);\n  });\n});","ast":null,"map":{"version":3,"sources":["/packages/webapp/webapp_cordova.js"],"names":[],"mappings":"AAAA,OAAO,OAAP,CAAe,YAAM;AACnB,oBAAkB,OAAlB,CAA0B,UAAC,KAAD,EAAW;AACnC,YAAQ,KAAR,CAAc,KAAd,EADmC;GAAX,CAA1B,CADmB;CAAN,CAAf","file":"/packages/webapp/webapp_cordova.js.map","sourcesContent":["Meteor.startup(() => {\n  WebAppLocalServer.onError((error) => {\n    console.error(error);\n  });\n});\n"]},"hash":"d466f6ce8c8021009925fed29169f282aa721074"}
