{"metadata":{"usedHelpers":[],"marked":[],"modules":{"imports":[],"exports":{"exported":[],"specifiers":[]}}},"options":{"filename":"/siteace.js","filenameRelative":"/siteace.js","env":{},"retainLines":false,"highlightCode":true,"suppressDeprecationMessages":false,"presets":[],"plugins":[[[],null],[[],null],[[],null],[[],null],[[],null],[[],null],[[],null],[[],{"polyfill":false}],[[],null],[[],null],[[],null],[[],null],[[],null],[[],null],[[],null],[[],null],[[],{"loose":true}],[[],{"loose":true}],[[],null],[[],{"loose":true}],[[],null],[[],null],[[],{"allowTopLevelThis":true,"strict":false,"loose":true}],[[],null],[[],null],[[],null],[[],null],[[],null],[[],{"loose":true}],[[],null],[[],null],[[],null],[[],null],[[],null],[[],null],[[],null],[[],null]],"ignore":[],"code":true,"metadata":true,"ast":false,"comments":true,"compact":false,"minified":false,"sourceMap":true,"sourceMaps":true,"sourceMapTarget":"/siteace.js.map","sourceFileName":"/siteace.js","babelrc":false,"sourceType":"module","moduleIds":false,"passPerPreset":false,"basename":"siteace"},"ignored":false,"code":"Websites = new Mongo.Collection(\"websites\");\nComments = new Mongo.Collection(\"comments\");\n\nWebsitesIndex = new EasySearch.Index({\n\tcollection: Websites,\n\tfields: ['url', 'title', 'description'],\n\tengine: new EasySearch.Minimongo({\n\t\tsort: function () {\n\t\t\tfunction sort() {\n\t\t\t\treturn { upVotes: -1 };\n\t\t\t}\n\n\t\t\treturn sort;\n\t\t}()\n\t})\n});\n\n// EasySearch.createSearchIndex('WebsitesIndex', {\n// 'collection': Websites, // instanceof Meteor.Collection\n// 'field': ['url', 'title','description','upVotes'], // array of fields to be searchable\n// 'use' : 'mongo-db',\n// 'sort': function() {return { 'upVotes': -1}}\n// });\n\nWebsites.allow({\n\tinsert: function () {\n\t\tfunction insert(user_Id, doc) {\n\t\t\tif (Meteor.user()) {\n\t\t\t\treturn true;\n\t\t\t} else {\n\t\t\t\treturn false;\n\t\t\t}\n\t\t}\n\n\t\treturn insert;\n\t}(),\n\tupdate: function () {\n\t\tfunction update() {\n\t\t\treturn true;\n\t\t}\n\n\t\treturn update;\n\t}()\n});\n\nRouter.configure({\n\tlayoutTemplate: 'ApplicationLayout'\n});\n\nRouter.route('/', function () {\n\tthis.render('home', {\n\t\tto: \"main\"\n\t});\n});\n\nRouter.route('/:_id', function () {\n\tthis.render('site_detail', {\n\t\tto: \"main\",\n\t\tdata: function () {\n\t\t\tfunction data() {\n\t\t\t\treturn Websites.findOne({ _id: this.params._id });\n\t\t\t}\n\n\t\t\treturn data;\n\t\t}()\n\t});\n});\n\nif (Meteor.isClient) {\n\n\t/////\n\t// template helpers\n\t/////\n\tAccounts.ui.config({\n\t\tpasswordSignupFields: \"USERNAME_AND_EMAIL\"\n\t});\n\t// helper function that returns all available websites ordenados por votos a favor\n\n\t/////\n\t// template events\n\t/////\n\tTemplate.comment_list.helpers({\n\t\tcomments: function () {\n\t\t\tfunction comments() {\n\t\t\t\treturn Comments.find({ site: this._id }, { sort: { createdOn: 1 } });\n\t\t\t}\n\n\t\t\treturn comments;\n\t\t}()\n\t});\n\n\tTemplate.website_list.helpers({\n\t\tcomments: function () {\n\t\t\tfunction comments() {\n\t\t\t\treturn Websites.find({ site: this._id }, { sort: { upVotes: -1 } });\n\t\t\t}\n\n\t\t\treturn comments;\n\t\t}()\n\t});\n\n\tTemplate.site_detail.events({\n\t\t\"submit .js-add-comment-form\": function () {\n\t\t\tfunction submitJsAddCommentForm(event) {\n\t\t\t\tvar comment = event.target.comment.value;\n\t\t\t\tvar site = this._id;\n\t\t\t\tComments.insert({\n\t\t\t\t\tcomment: comment,\n\t\t\t\t\tsite: site,\n\t\t\t\t\towner: Meteor.user()._id,\n\t\t\t\t\tcreatedOn: new Date()\n\t\t\t\t});\n\t\t\t\t$(\".js-add-comment-form input\").val('');\n\t\t\t\treturn false;\n\t\t\t}\n\n\t\t\treturn submitJsAddCommentForm;\n\t\t}()\n\t});\n\n\tTemplate.search.helpers({\n\t\tWebsitesIndex: function (_WebsitesIndex) {\n\t\t\tfunction WebsitesIndex() {\n\t\t\t\treturn _WebsitesIndex.apply(this, arguments);\n\t\t\t}\n\n\t\t\tWebsitesIndex.toString = function () {\n\t\t\t\treturn _WebsitesIndex.toString();\n\t\t\t};\n\n\t\t\treturn WebsitesIndex;\n\t\t}(function () {\n\t\t\treturn WebsitesIndex;\n\t\t})\n\n\t});\n\n\tTemplate.comment_item.helpers({\n\t\tgetUser: function () {\n\t\t\tfunction getUser(user_id) {\n\t\t\t\tvar user = Meteor.users.findOne({ _id: user_id });\n\t\t\t\tif (user) {\n\t\t\t\t\treturn user.username;\n\t\t\t\t} else {\n\t\t\t\t\treturn \"anonymous\";\n\t\t\t\t}\n\t\t\t}\n\n\t\t\treturn getUser;\n\t\t}()\n\t});\n\n\tTemplate.website_item.events({\n\t\t\"click .js-upvote\": function () {\n\t\t\tfunction clickJsUpvote(event) {\n\t\t\t\t// example of how you can access the id for the website in the database\n\t\t\t\t// (this is the data context for the template)\n\t\t\t\tvar website_id = this._id;\n\t\t\t\tconsole.log(\"Up voting website with id \" + website_id);\n\t\t\t\t// put the code in here to add a vote to a website!\n\t\t\t\tWebsites.update({ _id: website_id }, { $set: { upVotes: this.upVotes + 1 } });\n\t\t\t\treturn false; // prevent the button from reloading the page\n\t\t\t}\n\n\t\t\treturn clickJsUpvote;\n\t\t}(),\n\t\t\"click .js-downvote\": function () {\n\t\t\tfunction clickJsDownvote(event) {\n\n\t\t\t\t// example of how you can access the id for the website in the database\n\t\t\t\t// (this is the data context for the template)\n\t\t\t\tvar website_id = this._id;\n\t\t\t\tconsole.log(\"Down voting website with id \" + website_id);\n\t\t\t\tWebsites.update({ _id: website_id }, { $set: { downVotes: this.downVotes + 1 } });\n\n\t\t\t\treturn false; // prevent the button from reloading the page\n\t\t\t}\n\n\t\t\treturn clickJsDownvote;\n\t\t}()\n\t});\n\n\tTemplate.website_form.events({\n\t\t\"click .js-toggle-website-form\": function () {\n\t\t\tfunction clickJsToggleWebsiteForm(event) {\n\t\t\t\t$(\"#website_form\").toggle('slow');\n\t\t\t}\n\n\t\t\treturn clickJsToggleWebsiteForm;\n\t\t}(),\n\t\t\"submit .js-save-website-form\": function () {\n\t\t\tfunction submitJsSaveWebsiteForm(event) {\n\n\t\t\t\t// here is an example of how to get the url out of the form:\n\t\t\t\tvar url = event.target.url.value;\n\t\t\t\tconsole.log(\"The url they entered is: \" + url);\n\n\t\t\t\t//  put your website saving code in here!\t\n\t\t\t\tvar title = event.target.title.value;\n\t\t\t\tvar description = event.target.description.value;\n\t\t\t\tWebsites.insert({\n\t\t\t\t\turl: url,\n\t\t\t\t\ttitle: title,\n\t\t\t\t\tdescription: description,\n\t\t\t\t\tcreatedOn: new Date(),\n\t\t\t\t\tupVotes: 0,\n\t\t\t\t\tdownVotes: 0 });\n\t\t\t\treturn false; // stop the form submit from reloading the page\n\t\t\t}\n\n\t\t\treturn submitJsSaveWebsiteForm;\n\t\t}()\n\t});\n\n\tTemplate.comment_form.events({\n\t\t\"submit .js-save-comment-form\": function () {\n\t\t\tfunction submitJsSaveCommentForm(event) {\n\t\t\t\t// here is an example of how to get the comment out of the form:\n\t\t\t\tvar comment = event.target.comment.value;\n\t\t\t\tconsole.log(\"The comment they entered is: \" + comment);\n\t\t\t\tComments.insert({\n\t\t\t\t\twebsite: Router.current().params._id,\n\t\t\t\t\tcomment: comment,\n\t\t\t\t\towner: Meteor.user()._id,\n\t\t\t\t\tcreatedOn: new Date()\n\t\t\t\t});\n\t\t\t\treturn false; // stop the form submit from reloading the page\n\t\t\t}\n\n\t\t\treturn submitJsSaveCommentForm;\n\t\t}()\n\n\t});\n}\nif (Meteor.isServer) {\n\t// start up function that creates entries in the Websites databases.\n\tMeteor.startup(function () {\n\t\t// code to run on server at startup\n\t\tif (!Websites.findOne()) {\n\t\t\tconsole.log(\"No websites yet. Creating starter data.\");\n\t\t\tWebsites.insert({\n\t\t\t\ttitle: \"Goldsmiths Computing Department\",\n\t\t\t\turl: \"http://www.gold.ac.uk/computing/\",\n\t\t\t\tdescription: \"This is where this course was developed.\",\n\t\t\t\tcreatedOn: new Date(),\n\t\t\t\tupVotes: 0,\n\t\t\t\tdownVotes: 0\n\t\t\t});\n\t\t\tWebsites.insert({\n\t\t\t\ttitle: \"University of London\",\n\t\t\t\turl: \"http://www.londoninternational.ac.uk/courses/undergraduate/goldsmiths/bsc-creative-computing-bsc-diploma-work-entry-route\",\n\t\t\t\tdescription: \"University of London International Programme.\",\n\t\t\t\tcreatedOn: new Date(),\n\t\t\t\tupVotes: 0,\n\t\t\t\tdownVotes: 0\n\t\t\t});\n\t\t\tWebsites.insert({\n\t\t\t\ttitle: \"Coursera\",\n\t\t\t\turl: \"http://www.coursera.org\",\n\t\t\t\tdescription: \"Universal access to the world’s best education.\",\n\t\t\t\tcreatedOn: new Date(),\n\t\t\t\tupVotes: 0,\n\t\t\t\tdownVotes: 0\n\t\t\t});\n\t\t\tWebsites.insert({\n\t\t\t\ttitle: \"Google\",\n\t\t\t\turl: \"http://www.google.com\",\n\t\t\t\tdescription: \"Popular search engine.\",\n\t\t\t\tcreatedOn: new Date(),\n\t\t\t\tupVotes: 0,\n\t\t\t\tdownVotes: 0\n\t\t\t});\n\t\t}\n\t});\n}","ast":null,"map":{"version":3,"sources":["/siteace.js"],"names":[],"mappings":"AAAA,WAAW,IAAI,MAAM,UAAN,CAAiB,UAArB,CAAX;AACA,WAAW,IAAI,MAAM,UAAN,CAAiB,UAArB,CAAX;;AAEA,gBAAgB,IAAI,WAAW,KAAX,CAAiB;AACnC,aAAY,QAAZ;AACA,SAAQ,CAAC,KAAD,EAAQ,OAAR,EAAgB,aAAhB,CAAR;AACA,SAAQ,IAAI,WAAW,SAAX,CACZ;AACM;AAAM,mBAAU;AACZ,WAAO,EAAC,SAAS,CAAC,CAAD,EAAjB,CADY;IAAV;;;KAAN;EAFE,CAAR;CAHc,CAAhB;;;;;;;;;AAmBA,SAAS,KAAT,CAAe;AACd;AAAO,kBAAS,OAAT,EAAiB,GAAjB,EAAqB;AAC3B,OAAG,OAAO,IAAP,EAAH,EAAiB;AAChB,WAAO,IAAP,CADgB;IAAjB,MAGI;AACH,WAAO,KAAP,CADG;IAHJ;GADM;;;IAAP;AAQA;AAAO,oBAAU;AAAC,UAAO,IAAP,CAAD;GAAV;;;IAAP;CATD;;AAYA,OAAO,SAAP,CAAiB;AACb,iBAAe,mBAAf;CADJ;;AAIA,OAAO,KAAP,CAAa,GAAb,EAAkB,YAAW;AACzB,MAAK,MAAL,CAAY,MAAZ,EAAoB;AAChB,MAAI,MAAJ;EADJ,EADyB;CAAX,CAAlB;;AAMA,OAAO,KAAP,CAAa,OAAb,EAAsB,YAAW;AAC7B,MAAK,MAAL,CAAY,aAAZ,EAA2B;AACvB,MAAI,MAAJ;AACA;AAAM,mBAAW;AACb,WAAO,SAAS,OAAT,CAAiB,EAAC,KAAK,KAAK,MAAL,CAAY,GAAZ,EAAvB,CAAP,CADa;IAAX;;;KAAN;EAFJ,EAD6B;CAAX,CAAtB;;AASA,IAAI,OAAO,QAAP,EAAiB;;;;;AAKjB,UAAS,EAAT,CAAY,MAAZ,CAAmB;AACrB,wBAAsB,oBAAtB;EADE;;;;;;AALiB,SAapB,CAAS,YAAT,CAAsB,OAAtB,CAA8B;AAC7B;AAAU,uBAAW;AACpB,WAAO,SAAS,IAAT,CAAc,EAAC,MAAM,KAAK,GAAL,EAArB,EAAgC,EAAC,MAAM,EAAC,WAAW,CAAX,EAAP,EAAjC,CAAP,CADoB;IAAX;;;KAAV;EADD,EAboB;;AAmBpB,UAAS,YAAT,CAAsB,OAAtB,CAA8B;AAC7B;AAAU,uBAAW;AACpB,WAAO,SAAS,IAAT,CAAc,EAAC,MAAM,KAAK,GAAL,EAArB,EAAgC,EAAC,MAAM,EAAC,SAAS,CAAC,CAAD,EAAhB,EAAjC,CAAP,CADoB;IAAX;;;KAAV;EADD,EAnBoB;;AAyBpB,UAAS,WAAT,CAAqB,MAArB,CAA4B;AACzB;AAA+B,mCAAS,KAAT,EAAgB;AAC3C,QAAI,UAAU,MAAM,MAAN,CAAa,OAAb,CAAqB,KAArB,CAD6B;AAE3C,QAAI,OAAO,KAAK,GAAL,CAFgC;AAG3C,aAAS,MAAT,CAAgB;AACZ,cAAS,OAAT;AACA,WAAM,IAAN;AACT,YAAO,OAAO,IAAP,GAAc,GAAd;AACE,gBAAW,IAAI,IAAJ,EAAX;KAJJ,EAH2C;AAS3C,MAAE,4BAAF,EAAgC,GAAhC,CAAoC,EAApC,EAT2C;AAU3C,WAAO,KAAP,CAV2C;IAAhB;;;KAA/B;EADH,EAzBoB;;AAwCpB,UAAS,MAAT,CAAgB,OAAhB,CAAwB;AACxB;;;;;;;;;;IAAe;UAAM;GAAN,CAAf;;EADA,EAxCoB;;AA6CpB,UAAS,YAAT,CAAsB,OAAtB,CAA8B;AAC7B;AAAQ,oBAAS,OAAT,EAAiB;AACvB,QAAI,OAAO,OAAO,KAAP,CAAa,OAAb,CAAqB,EAAC,KAAI,OAAJ,EAAtB,CAAP,CADmB;AAEvB,QAAI,IAAJ,EAAS;AACP,YAAO,KAAK,QAAL,CADA;KAAT,MAGK;AACH,YAAO,WAAP,CADG;KAHL;IAFM;;;KAAR;EADD,EA7CoB;;AAyDpB,UAAS,YAAT,CAAsB,MAAtB,CAA6B;AAC5B;AAAmB,0BAAS,KAAT,EAAe;;;AAGjC,QAAI,aAAa,KAAK,GAAL,CAHgB;AAIjC,YAAQ,GAAR,CAAY,+BAA6B,UAA7B,CAAZ;;AAJiC,YAMjC,CAAS,MAAT,CAAgB,EAAC,KAAI,UAAJ,EAAjB,EAAkC,EAAC,MAAK,EAAC,SAAQ,KAAK,OAAL,GAAa,CAAb,EAAd,EAAnC,EANiC;AAOjC,WAAO,KAAP;AAPiC,IAAf;;;KAAnB;AASA;AAAqB,4BAAS,KAAT,EAAe;;;;AAInC,QAAI,aAAa,KAAK,GAAL,CAJkB;AAKnC,YAAQ,GAAR,CAAY,iCAA+B,UAA/B,CAAZ,CALmC;AAMnC,aAAS,MAAT,CAAgB,EAAC,KAAI,UAAJ,EAAjB,EAAkC,EAAC,MAAK,EAAC,WAAU,KAAK,SAAL,GAAe,CAAf,EAAhB,EAAnC,EANmC;;AAQnC,WAAO,KAAP;AARmC,IAAf;;;KAArB;EAVD,EAzDoB;;AA+EpB,UAAS,YAAT,CAAsB,MAAtB,CAA6B;AAC5B;AAAgC,qCAAS,KAAT,EAAe;AAC9C,MAAE,eAAF,EAAmB,MAAnB,CAA0B,MAA1B,EAD8C;IAAf;;;KAAhC;AAGA;AAA+B,oCAAS,KAAT,EAAe;;;AAG7C,QAAI,MAAM,MAAM,MAAN,CAAa,GAAb,CAAiB,KAAjB,CAHmC;AAI7C,YAAQ,GAAR,CAAY,8BAA4B,GAA5B,CAAZ;;;AAJ6C,QAOzC,QAAQ,MAAM,MAAN,CAAa,KAAb,CAAmB,KAAnB,CAPiC;AAQ7C,QAAI,cAAc,MAAM,MAAN,CAAa,WAAb,CAAyB,KAAzB,CAR2B;AAS7C,aAAS,MAAT,CAAgB;AACf,UAAI,GAAJ;AACA,YAAM,KAAN;AACA,kBAAY,WAAZ;AACA,gBAAU,IAAI,IAAJ,EAAV;AACA,cAAS,CAAT;AACY,gBAAW,CAAX,EANb,EAT6C;AAgB7C,WAAO,KAAP;IAhB8B;AAAe;;KAA9C;EAJD,EA/EoB;;AAwGpB,UAAS,YAAT,CAAsB,MAAtB,CAA6B;AAC5B;AAA+B,oCAAS,KAAT,EAAe;;AAEpC,QAAI,UAAU,MAAM,MAAN,CAAa,OAAb,CAAqB,KAArB,CAFsB;AAGpC,YAAQ,GAAR,CAAY,kCAAgC,OAAhC,CAAZ,CAHoC;AAIpC,aAAS,MAAT,CAAgB;AACZ,cAAS,OAAO,OAAP,GAAiB,MAAjB,CAAwB,GAAxB;AACT,cAAS,OAAT;AACZ,YAAO,OAAO,IAAP,GAAc,GAAd;AACK,gBAAW,IAAI,IAAJ,EAAX;KAJJ,EAJoC;AAU9C,WAAO,KAAP;AAV8C,IAAf;;;KAA/B;;EADD,EAxGoB;CAArB;AAwHA,IAAI,OAAO,QAAP,EAAiB;;AAEnB,QAAO,OAAP,CAAe,YAAY;;AAEzB,MAAI,CAAC,SAAS,OAAT,EAAD,EAAoB;AACvB,WAAQ,GAAR,CAAY,yCAAZ,EADuB;AAErB,YAAS,MAAT,CAAgB;AACjB,WAAM,iCAAN;AACA,SAAI,kCAAJ;AACA,iBAAY,0CAAZ;AACA,eAAU,IAAI,IAAJ,EAAV;AACH,aAAS,CAAT;AACS,eAAW,CAAX;IANL,EAFqB;AAUtB,YAAS,MAAT,CAAgB;AAChB,WAAM,sBAAN;AACA,SAAI,2HAAJ;AACA,iBAAY,+CAAZ;AACA,eAAU,IAAI,IAAJ,EAAV;AACH,aAAS,CAAT;AACS,eAAW,CAAX;IANN,EAVsB;AAkBtB,YAAS,MAAT,CAAgB;AAChB,WAAM,UAAN;AACA,SAAI,yBAAJ;AACA,iBAAY,iDAAZ;AACA,eAAU,IAAI,IAAJ,EAAV;AACH,aAAS,CAAT;AACS,eAAW,CAAX;IANN,EAlBsB;AA0BvB,YAAS,MAAT,CAAgB;AACf,WAAM,QAAN;AACA,SAAI,uBAAJ;AACA,iBAAY,wBAAZ;AACA,eAAU,IAAI,IAAJ,EAAV;AACH,aAAS,CAAT;AACS,eAAW,CAAX;IANP,EA1BuB;GAAxB;EAFa,CAAf,CAFmB;CAArB","file":"/siteace.js.map","sourcesContent":["Websites = new Mongo.Collection(\"websites\");\nComments = new Mongo.Collection(\"comments\");\n\nWebsitesIndex = new EasySearch.Index({\n  collection: Websites,\n  fields: ['url', 'title','description'],\n  engine: new EasySearch.Minimongo(\n  {\n        sort: function(){\n            return {upVotes: -1};\n        }\n    }\n  ),\n});\n\n// EasySearch.createSearchIndex('WebsitesIndex', {\n  // 'collection': Websites, // instanceof Meteor.Collection\n  // 'field': ['url', 'title','description','upVotes'], // array of fields to be searchable\n  // 'use' : 'mongo-db',\n  // 'sort': function() {return { 'upVotes': -1}}\n  // });\n\nWebsites.allow({\n\tinsert:function(user_Id,doc){\n\t\tif(Meteor.user()){\n\t\t\treturn true\n\t\t}\n\t\telse{\n\t\t\treturn false\n\t\t}\n\t},\n\tupdate:function(){return true}\n});\n\nRouter.configure({\n    layoutTemplate:'ApplicationLayout'\n});\n\nRouter.route('/', function() {\n    this.render('home', {\n        to: \"main\"\n    });\n});\n\nRouter.route('/:_id', function() {\n    this.render('site_detail', {\n        to: \"main\",\n        data: function() {\n            return Websites.findOne({_id: this.params._id});\n        }\n    });\n});\n\nif (Meteor.isClient) {\n\n\t/////\n\t// template helpers \n\t/////\n    Accounts.ui.config({\n\t\tpasswordSignupFields: \"USERNAME_AND_EMAIL\"\n\t});\n\t// helper function that returns all available websites ordenados por votos a favor\n\n\t/////\n\t// template events \n\t/////\n\tTemplate.comment_list.helpers({\n\t\tcomments: function() {\n\t\t\treturn Comments.find({site: this._id}, {sort: {createdOn: 1}});\n\t\t}\n\t});\n\t\n\tTemplate.website_list.helpers({\n\t\tcomments: function() {\n\t\t\treturn Websites.find({site: this._id}, {sort: {upVotes: -1}});\n\t\t}\n\t});\n\t\n\tTemplate.site_detail.events({\n    \"submit .js-add-comment-form\": function(event) {\n        var comment = event.target.comment.value;\n        var site = this._id;\n        Comments.insert({\n            comment: comment,\n            site: site,\n\t\t\towner: Meteor.user()._id,\n            createdOn: new Date()\n        });\n        $(\".js-add-comment-form input\").val('');\n        return false;\n    }\n\t});\n\t\n\tTemplate.search.helpers({\n\tWebsitesIndex: () => WebsitesIndex,\n\n\t});\n\n\tTemplate.comment_item.helpers({\n\t\tgetUser:function(user_id){\n\t\t  var user = Meteor.users.findOne({_id:user_id});\n\t\t  if (user){\n\t\t    return user.username;\n\t\t  }\n\t\t  else {\n\t\t    return \"anonymous\";\n\t\t  }\n\t\t}\n\t});\n\n\tTemplate.website_item.events({\n\t\t\"click .js-upvote\":function(event){\n\t\t\t// example of how you can access the id for the website in the database\n\t\t\t// (this is the data context for the template)\n\t\t\tvar website_id = this._id;\n\t\t\tconsole.log(\"Up voting website with id \"+website_id);\n\t\t\t// put the code in here to add a vote to a website!\n\t\t\tWebsites.update({_id:website_id}, {$set:{upVotes:this.upVotes+1}});\n\t\t\treturn false;// prevent the button from reloading the page\n\t\t}, \n\t\t\"click .js-downvote\":function(event){\n\n\t\t\t// example of how you can access the id for the website in the database\n\t\t\t// (this is the data context for the template)\n\t\t\tvar website_id = this._id;\n\t\t\tconsole.log(\"Down voting website with id \"+website_id);\n\t\t\tWebsites.update({_id:website_id}, {$set:{downVotes:this.downVotes+1}});\n\n\t\t\treturn false;// prevent the button from reloading the page\n\t\t}\n\t})\n\n\tTemplate.website_form.events({\n\t\t\"click .js-toggle-website-form\":function(event){\n\t\t\t$(\"#website_form\").toggle('slow');\n\t\t}, \n\t\t\"submit .js-save-website-form\":function(event){\n\n\t\t\t// here is an example of how to get the url out of the form:\n\t\t\tvar url = event.target.url.value;\n\t\t\tconsole.log(\"The url they entered is: \"+url);\n\t\t\t\n\t\t\t//  put your website saving code in here!\t\n\t\t\tvar title = event.target.title.value;\n\t\t\tvar description = event.target.description.value;\n\t\t\tWebsites.insert({\n\t\t\t\turl:url,\n\t\t\t\ttitle:title,\n\t\t\t\tdescription:description,\n\t\t\t\tcreatedOn:new Date(),\n\t\t\t\tupVotes: 0,\n                downVotes: 0});\n\t\t\treturn false;// stop the form submit from reloading the page\n\n\t\t}\n\t});\n\t\n\tTemplate.comment_form.events({\n\t\t\"submit .js-save-comment-form\":function(event){\n            // here is an example of how to get the comment out of the form:\n            var comment = event.target.comment.value;\n            console.log(\"The comment they entered is: \"+comment);\n            Comments.insert({\n                website: Router.current().params._id, \n                comment: comment,\n\t\t\t\towner: Meteor.user()._id,\n                createdOn: new Date(),\n            });\n\t\treturn false; // stop the form submit from reloading the page\n\t\t}\n \n\t});\n}\nif (Meteor.isServer) {\n\t// start up function that creates entries in the Websites databases.\n  Meteor.startup(function () {\n    // code to run on server at startup\n    if (!Websites.findOne()){\n    \tconsole.log(\"No websites yet. Creating starter data.\");\n    \t  Websites.insert({\n    \t\ttitle:\"Goldsmiths Computing Department\", \n    \t\turl:\"http://www.gold.ac.uk/computing/\", \n    \t\tdescription:\"This is where this course was developed.\", \n    \t\tcreatedOn:new Date(),\n\t\t\tupVotes: 0,\n            downVotes: 0\n    \t});\n    \t Websites.insert({\n    \t\ttitle:\"University of London\", \n    \t\turl:\"http://www.londoninternational.ac.uk/courses/undergraduate/goldsmiths/bsc-creative-computing-bsc-diploma-work-entry-route\", \n    \t\tdescription:\"University of London International Programme.\", \n    \t\tcreatedOn:new Date(),\n\t\t\tupVotes: 0,\n            downVotes: 0\n    \t});\n    \t Websites.insert({\n    \t\ttitle:\"Coursera\", \n    \t\turl:\"http://www.coursera.org\", \n    \t\tdescription:\"Universal access to the world’s best education.\", \n    \t\tcreatedOn:new Date(),\n\t\t\tupVotes: 0,\n            downVotes: 0\n    \t});\n    \tWebsites.insert({\n    \t\ttitle:\"Google\", \n    \t\turl:\"http://www.google.com\", \n    \t\tdescription:\"Popular search engine.\", \n    \t\tcreatedOn:new Date(),\n\t\t\tupVotes: 0,\n            downVotes: 0\n    \t});\n    }\n  });\n  \n\n}"]},"hash":"f1f417bdb595a0d577d4423628ac4296a12ee48a"}
