{"metadata":{"usedHelpers":["inherits","possibleConstructorReturn","classCallCheck","interopRequireDefault"],"marked":[],"modules":{"imports":[],"exports":{"exported":[],"specifiers":[]}}},"options":{"filename":"/packages/easysearch:components/lib/if-input-empty/if-input-empty.js","filenameRelative":"/packages/easysearch:components/lib/if-input-empty/if-input-empty.js","env":{},"retainLines":false,"highlightCode":true,"suppressDeprecationMessages":false,"presets":[],"plugins":[[[],null],[[],null],[[],null],[[],null],[[],null],[[],null],[[],null],[[],{"polyfill":false}],[[],null],[[],null],[[],null],[[],null],[[],null],[[],null],[[],null],[[],null],[[],{"loose":true}],[[],{"loose":true}],[[],null],[[],{"loose":true}],[[],null],[[],null],[[],{"allowTopLevelThis":true,"strict":false,"loose":true}],[[],null],[[],null],[[],null],[[],null],[[],null],[[],{"loose":true}],[[],null],[[],null],[[],null],[[],null],[[],null],[[],null],[[],null],[[],null]],"ignore":[],"code":true,"metadata":true,"ast":false,"comments":true,"compact":false,"minified":false,"sourceMap":true,"sourceMaps":true,"sourceMapTarget":"/packages/easysearch:components/lib/if-input-empty/if-input-empty.js.map","sourceFileName":"/packages/easysearch:components/lib/if-input-empty/if-input-empty.js","babelrc":false,"sourceType":"module","moduleIds":false,"passPerPreset":false,"basename":"if-input-empty"},"ignored":false,"code":"var _classCallCheck2 = require('babel-runtime/helpers/classCallCheck');\n\nvar _classCallCheck3 = _interopRequireDefault(_classCallCheck2);\n\nvar _possibleConstructorReturn2 = require('babel-runtime/helpers/possibleConstructorReturn');\n\nvar _possibleConstructorReturn3 = _interopRequireDefault(_possibleConstructorReturn2);\n\nvar _inherits2 = require('babel-runtime/helpers/inherits');\n\nvar _inherits3 = _interopRequireDefault(_inherits2);\n\nfunction _interopRequireDefault(obj) { return obj && obj.__esModule ? obj : { 'default': obj }; }\n\n/**\n * The IfInputEmptyComponent lets you display content when the input is empty.\n *\n * @type {IfInputEmptyComponent}\n */\nEasySearch.IfInputEmptyComponent = function (_BaseComponent) {\n  (0, _inherits3['default'])(IfInputEmptyComponent, _BaseComponent);\n\n  function IfInputEmptyComponent() {\n    (0, _classCallCheck3['default'])(this, IfInputEmptyComponent);\n    return (0, _possibleConstructorReturn3['default'])(this, _BaseComponent.apply(this, arguments));\n  }\n\n  /**\n   * Return true if the input is empty.\n   *\n   * @returns {boolean}\n   */\n\n  IfInputEmptyComponent.prototype.inputEmpty = function () {\n    function inputEmpty() {\n      return !!this.eachIndex(function (index, name) {\n        return index.getComponentMethods(name).searchIsEmpty();\n      }, 'every');\n    }\n\n    return inputEmpty;\n  }();\n\n  return IfInputEmptyComponent;\n}(BaseComponent);\n\nEasySearch.IfInputEmptyComponent.register('EasySearch.IfInputEmpty');","ast":null,"map":{"version":3,"sources":["/packages/easysearch:components/lib/if-input-empty/if-input-empty.js"],"names":[],"mappings":";;;;;;;;;;;;;;;;;;;AAKA,WAAW,qBAAX;6BAAyC;;;;;;;;;;;;;kCAMvC;0BAAa;AACX,aAAO,CAAC,CAAC,KAAK,SAAL,CAAe,UAAU,KAAV,EAAiB,IAAjB,EAAuB;AAC7C,eAAO,MAAM,mBAAN,CAA0B,IAA1B,EAAgC,aAAhC,EAAP,CAD6C;OAAvB,EAErB,OAFM,CAAD,CADG;;;;;;SAN0B;EAA8B,cAAvE;;AAaA,WAAW,qBAAX,CAAiC,QAAjC,CAA0C,yBAA1C","file":"/packages/easysearch:components/lib/if-input-empty/if-input-empty.js.map","sourcesContent":["/**\n * The IfInputEmptyComponent lets you display content when the input is empty.\n *\n * @type {IfInputEmptyComponent}\n */\nEasySearch.IfInputEmptyComponent = class IfInputEmptyComponent extends BaseComponent {\n  /**\n   * Return true if the input is empty.\n   *\n   * @returns {boolean}\n   */\n  inputEmpty() {\n    return !!this.eachIndex(function (index, name) {\n      return index.getComponentMethods(name).searchIsEmpty();\n    }, 'every');\n  }\n};\n\nEasySearch.IfInputEmptyComponent.register('EasySearch.IfInputEmpty');\n"]},"hash":"f3e3a012fc02237e86c93405c4f4e4940f4fbc8b"}
